"cause_set_id","cause_set_name","cause_id","level","acause","cause_name","parent_id","acause_parent","path_to_top_parent","sort_order","cause_outline","most_detailed","male","female","yll_only","yll_age_start","yll_age_end","yld_only","yld_age_start","yld_age_end","lancet_label"
3,"GBD reporting",294,0,"_all","All causes",294,"_all","294",1,"Total",0,1,1,NA,0,95,NA,0,95,"All causes"
3,"GBD reporting",295,1,"_comm","Communicable, maternal, neonatal, and nutritional diseases",294,"_all","294,295",2,"A",0,1,1,NA,0,95,NA,0,95,"Communicable, maternal, neonatal, and nutritional disorders"
3,"GBD reporting",955,2,"_hiv_std","HIV/AIDS and sexually transmitted infections",295,"_comm","294,295,955",3,"A.1",0,1,1,NA,0.01,95,NA,0.01,95,"HIV/AIDS and sexually transmitted infections"
3,"GBD reporting",298,3,"hiv","HIV/AIDS",955,"_hiv_std","294,295,955,298",4,"A.1.1",0,1,1,NA,0.1,95,NA,0.1,95,"HIV/AIDS"
3,"GBD reporting",948,4,"hiv_tb_other","HIV-AIDS - Drug-susceptible Tuberculosis",298,"hiv","294,295,955,298,948",5,"A.1.1.1",1,1,1,NA,0.1,95,NA,0.1,95,"HIV/AIDS - Drug-susceptible Tuberculosis"
3,"GBD reporting",949,4,"hiv_tb_mdr","HIV/AIDS - Multidrug-resistant Tuberculosis without extensive drug resistance",298,"hiv","294,295,955,298,949",6,"A.1.1.2",1,1,1,NA,0.1,95,NA,0.1,95,"HIV/AIDS - Multidrug-resistant Tuberculosis without extensive drug resistance"
3,"GBD reporting",950,4,"hiv_tb_xdr","HIV/AIDS - Extensively drug-resistant Tuberculosis",298,"hiv","294,295,955,298,950",7,"A.1.1.3",1,1,1,NA,0.1,95,NA,0.1,95,"HIV/AIDS - Extensively drug-resistant Tuberculosis"
3,"GBD reporting",300,4,"hiv_other","HIV/AIDS resulting in other diseases",298,"hiv","294,295,955,298,300",8,"A.1.1.4",1,1,1,NA,0.1,95,NA,0,95,"HIV/AIDS resulting in other diseases"
3,"GBD reporting",393,3,"std","Sexually transmitted diseases excluding HIV",955,"_hiv_std","294,295,955,393",9,"A.1.2",0,1,1,NA,0,95,NA,0,95,"Sexually transmitted infections excluding HIV"
3,"GBD reporting",394,4,"std_syphilis","Syphilis",393,"std","294,295,955,393,394",10,"A.1.2.1",1,1,1,NA,0,95,NA,0,95,"Syphilis"
3,"GBD reporting",395,4,"std_chlamydia","Chlamydial infection",393,"std","294,295,955,393,395",11,"A.1.2.2",1,1,1,NA,10,95,NA,10,95,"Chlamydial infection"
3,"GBD reporting",396,4,"std_gonnorhea","Gonococcal infection",393,"std","294,295,955,393,396",12,"A.1.2.3",1,1,1,NA,10,95,NA,10,95,"Gonococcal infection"
3,"GBD reporting",397,4,"std_tricho","Trichomoniasis",393,"std","294,295,955,393,397",13,"A.1.2.4",1,1,1,NA,NA,NA,1,10,95,"Trichomoniasis"
3,"GBD reporting",398,4,"std_herpes","Genital herpes",393,"std","294,295,955,393,398",14,"A.1.2.5",1,1,1,NA,NA,NA,1,10,95,"Genital herpes"
3,"GBD reporting",399,4,"std_other","Other sexually transmitted diseases",393,"std","294,295,955,393,399",15,"A.1.2.6",1,1,1,NA,10,95,NA,10,95,"Other sexually transmitted infections"
3,"GBD reporting",956,2,"_ri","Respiratory infections and tuberculosis",295,"_comm","294,295,956",16,"A.2",0,1,1,NA,0.01,95,NA,0,95,"Respiratory infections and tuberculosis"
3,"GBD reporting",297,3,"tb","Tuberculosis",956,"_ri","294,295,956,297",17,"A.2.1",0,1,1,NA,0.1,95,NA,0,95,"Tuberculosis"
3,"GBD reporting",954,4,"tb_latent","Latent tuberculosis infection",297,"tb","294,295,956,297,954",18,"A.2.1.1",1,1,1,NA,NA,NA,1,0,95,"Latent tuberculosis infection"
3,"GBD reporting",934,4,"tb_other","Drug-susceptible tuberculosis",297,"tb","294,295,956,297,934",19,"A.2.1.2",1,1,1,NA,0.1,95,NA,0,95,"Drug-susceptible tuberculosis"
3,"GBD reporting",946,4,"tb_mdr","Multidrug-resistant tuberculosis without extensive drug resistance",297,"tb","294,295,956,297,946",20,"A.2.1.3",1,1,1,NA,0.1,95,NA,0,95,"Multidrug-resistant tuberculosis without extensive drug resistance"
3,"GBD reporting",947,4,"tb_xdr","Extensively drug-resistant tuberculosis",297,"tb","294,295,956,297,947",21,"A.2.1.4",1,1,1,NA,0.1,95,NA,0,95,"Extensively drug-resistant tuberculosis"
3,"GBD reporting",322,3,"lri","Lower respiratory infections",956,"_ri","294,295,956,322",22,"A.2.2",1,1,1,NA,0,95,NA,0,95,"Lower respiratory infections"
3,"GBD reporting",328,3,"uri","Upper respiratory infections",956,"_ri","294,295,956,328",23,"A.2.3",1,1,1,NA,0,95,NA,0,95,"Upper respiratory infections"
3,"GBD reporting",329,3,"otitis","Otitis media",956,"_ri","294,295,956,329",24,"A.2.4",1,1,1,NA,0,95,NA,0,95,"Otitis media"
3,"GBD reporting",957,2,"_enteric_all","Enteric infections",295,"_comm","294,295,957",25,"A.3",0,1,1,NA,0,95,NA,0,95,"Enteric infections"
3,"GBD reporting",302,3,"diarrhea","Diarrheal diseases",957,"_enteric_all","294,295,957,302",26,"A.3.1",1,1,1,NA,0,95,NA,0,95,"Diarrhoeal diseases"
3,"GBD reporting",958,3,"intest_typhpartyph","Typhoid and paratyphoid",957,"_enteric_all","294,295,957,958",27,"A.3.2",0,1,1,NA,0.01,95,NA,0.01,95,"Typhoid and paratyphoid"
3,"GBD reporting",319,4,"intest_typhoid","Typhoid fever",958,"intest_typhpartyph","294,295,957,958,319",28,"A.3.2.1",1,1,1,NA,0.1,95,NA,0,95,"Typhoid fever"
3,"GBD reporting",320,4,"intest_paratyph","Paratyphoid fever",958,"intest_typhpartyph","294,295,957,958,320",29,"A.3.2.2",1,1,1,NA,0.1,95,NA,0,95,"Paratyphoid fever"
3,"GBD reporting",959,3,"intest_ints","Invasive Non-typhoidal Salmonella (iNTS)",957,"_enteric_all","294,295,957,959",30,"A.3.3",1,1,1,NA,0.01,95,NA,0.01,95,"iNTS"
3,"GBD reporting",321,3,"intest_other","Other intestinal infectious diseases",957,"_enteric_all","294,295,957,321",32,"A.3.5",1,1,1,NA,0.1,95,NA,0.1,95,"Other intestinal infectious diseases"
3,"GBD reporting",344,2,"_ntd","Neglected tropical diseases and malaria",295,"_comm","294,295,344",33,"A.4",0,1,1,NA,0,95,NA,0,95,"Neglected tropical diseases and malaria"
3,"GBD reporting",345,3,"malaria","Malaria",344,"_ntd","294,295,344,345",34,"A.4.1",1,1,1,NA,0.01,95,NA,0,95,"Malaria"
3,"GBD reporting",346,3,"ntd_chagas","Chagas disease",344,"_ntd","294,295,344,346",35,"A.4.2",1,1,1,NA,0.1,95,NA,0,95,"Chagas disease"
3,"GBD reporting",347,3,"ntd_leish","Leishmaniasis",344,"_ntd","294,295,344,347",36,"A.4.3",0,1,1,NA,0.1,95,NA,0.1,95,"Leishmaniasis"
3,"GBD reporting",348,4,"ntd_leish_visc","Visceral leishmaniasis",347,"ntd_leish","294,295,344,347,348",37,"A.4.3.1",1,1,1,NA,0.1,95,NA,0.1,95,"Visceral leishmaniasis"
3,"GBD reporting",349,4,"ntd_leish_cut","Cutaneous and mucocutaneous leishmaniasis",347,"ntd_leish","294,295,344,347,349",38,"A.4.3.2",1,1,1,NA,NA,NA,1,0.1,95,"Cutaneous and mucocutaneous leishmaniasis"
3,"GBD reporting",350,3,"ntd_afrtryp","African trypanosomiasis",344,"_ntd","294,295,344,350",39,"A.4.4",1,1,1,NA,1,95,NA,1,95,"African trypanosomiasis"
3,"GBD reporting",351,3,"ntd_schisto","Schistosomiasis",344,"_ntd","294,295,344,351",40,"A.4.5",1,1,1,NA,0.1,95,NA,0.1,95,"Schistosomiasis"
3,"GBD reporting",352,3,"ntd_cysticer","Cysticercosis",344,"_ntd","294,295,344,352",41,"A.4.6",1,1,1,NA,0,95,NA,5,95,"Cysticercosis"
3,"GBD reporting",353,3,"ntd_echino","Cystic echinococcosis",344,"_ntd","294,295,344,353",42,"A.4.7",1,1,1,NA,1,95,NA,1,95,"Cystic echinococcosis"
3,"GBD reporting",354,3,"ntd_lf","Lymphatic filariasis",344,"_ntd","294,295,344,354",43,"A.4.8",1,1,1,NA,NA,NA,1,0,95,"Lymphatic filariasis"
3,"GBD reporting",355,3,"ntd_oncho","Onchocerciasis",344,"_ntd","294,295,344,355",44,"A.4.9",1,1,1,NA,NA,NA,1,5,95,"Onchocerciasis"
3,"GBD reporting",356,3,"ntd_trachoma","Trachoma",344,"_ntd","294,295,344,356",45,"A.4.10",1,1,1,NA,NA,NA,1,15,95,"Trachoma"
3,"GBD reporting",357,3,"ntd_dengue","Dengue",344,"_ntd","294,295,344,357",46,"A.4.11",1,1,1,NA,0.1,95,NA,0.1,95,"Dengue"
3,"GBD reporting",358,3,"ntd_yellowfever","Yellow fever",344,"_ntd","294,295,344,358",47,"A.4.12",1,1,1,NA,0.01,95,NA,0,95,"Yellow fever"
3,"GBD reporting",359,3,"ntd_rabies","Rabies",344,"_ntd","294,295,344,359",48,"A.4.13",1,1,1,NA,0.1,95,NA,0.1,95,"Rabies"
3,"GBD reporting",360,3,"ntd_nema","Intestinal nematode infections",344,"_ntd","294,295,344,360",49,"A.4.14",0,1,1,NA,0.1,95,NA,0.1,95,"Intestinal nematode infections"
3,"GBD reporting",361,4,"ntd_nema_ascar","Ascariasis",360,"ntd_nema","294,295,344,360,361",50,"A.4.14.1",1,1,1,NA,0.1,95,NA,0.1,95,"Ascariasis"
3,"GBD reporting",362,4,"ntd_nema_trichur","Trichuriasis",360,"ntd_nema","294,295,344,360,362",51,"A.4.14.2",1,1,1,NA,NA,NA,1,0.1,95,"Trichuriasis"
3,"GBD reporting",363,4,"ntd_nema_hook","Hookworm disease",360,"ntd_nema","294,295,344,360,363",52,"A.4.14.3",1,1,1,NA,NA,NA,1,0.1,95,"Hookworm disease"
3,"GBD reporting",364,3,"ntd_foodborne","Food-borne trematodiases",344,"_ntd","294,295,344,364",53,"A.4.15",1,1,1,NA,NA,NA,1,1,95,"Food-borne trematodiases"
3,"GBD reporting",405,3,"leprosy","Leprosy",344,"_ntd","294,295,344,405",54,"A.4.16",1,1,1,NA,NA,NA,1,1,95,"Leprosy"
3,"GBD reporting",843,3,"ntd_ebola","Ebola",344,"_ntd","294,295,344,843",55,"A.4.17",1,1,1,NA,0,95,NA,0,95,"Ebola virus disease"
3,"GBD reporting",935,3,"ntd_zika","Zika virus",344,"_ntd","294,295,344,935",56,"A.4.18",1,1,1,NA,0,95,NA,0,95,"Zika virus disease"
3,"GBD reporting",936,3,"ntd_guinea","Guinea worm disease",344,"_ntd","294,295,344,936",57,"A.4.19",1,1,1,NA,NA,NA,1,1,95,"Guinea worm disease"
3,"GBD reporting",365,3,"ntd_other","Other neglected tropical diseases",344,"_ntd","294,295,344,365",58,"A.4.20",1,1,1,NA,0,95,NA,0,95,"Other neglected tropical diseases"
3,"GBD reporting",961,2,"_infect","Other infectious diseases",295,"_comm","294,295,961",59,"A.5",0,1,1,NA,0,95,NA,0,95,"Other infectious diseases"
3,"GBD reporting",332,3,"meningitis","Meningitis",961,"_infect","294,295,961,332",60,"A.5.1",0,1,1,NA,0,95,NA,0,95,"Meningitis"
3,"GBD reporting",333,4,"meningitis_pneumo","Pneumococcal meningitis",332,"meningitis","294,295,961,332,333",61,"A.5.1.1",1,1,1,NA,0,95,NA,0,95,"Pneumococcal meningitis"
3,"GBD reporting",334,4,"meningitis_hib","H influenzae type B meningitis",332,"meningitis","294,295,961,332,334",62,"A.5.1.2",1,1,1,NA,0,95,NA,0,95,"H influenzae type B meningitis"
3,"GBD reporting",335,4,"meningitis_meningo","Meningococcal meningitis",332,"meningitis","294,295,961,332,335",63,"A.5.1.3",1,1,1,NA,0,95,NA,0,95,"Meningococcal infection"
3,"GBD reporting",336,4,"meningitis_other","Other meningitis",332,"meningitis","294,295,961,332,336",64,"A.5.1.4",1,1,1,NA,0,95,NA,0,95,"Other meningitis"
3,"GBD reporting",337,3,"encephalitis","Encephalitis",961,"_infect","294,295,961,337",65,"A.5.2",1,1,1,NA,0,95,NA,0,95,"Encephalitis"
3,"GBD reporting",338,3,"diptheria","Diphtheria",961,"_infect","294,295,961,338",66,"A.5.3",1,1,1,NA,0.1,55,NA,0.1,55,"Diphtheria"
3,"GBD reporting",339,3,"whooping","Whooping cough",961,"_infect","294,295,961,339",67,"A.5.4",1,1,1,NA,0.1,55,NA,0.1,55,"Whooping cough"
3,"GBD reporting",340,3,"tetanus","Tetanus",961,"_infect","294,295,961,340",68,"A.5.5",1,1,1,NA,0,95,NA,0,95,"Tetanus"
3,"GBD reporting",341,3,"measles","Measles",961,"_infect","294,295,961,341",69,"A.5.6",1,1,1,NA,0.1,55,NA,0.1,55,"Measles"
3,"GBD reporting",342,3,"varicella","Varicella and herpes zoster",961,"_infect","294,295,961,342",70,"A.5.7",1,1,1,NA,0,95,NA,0,95,"Varicella and herpes zoster"
3,"GBD reporting",400,3,"hepatitis","Acute hepatitis",961,"_infect","294,295,961,400",71,"A.5.8",0,1,1,NA,0.1,95,NA,0,95,"Acute hepatitis"
3,"GBD reporting",401,4,"hepatitis_a","Acute hepatitis A",400,"hepatitis","294,295,961,400,401",72,"A.5.8.1",1,1,1,NA,0.1,95,NA,0,95,"Acute hepatitis A"
3,"GBD reporting",402,4,"hepatitis_b","Acute hepatitis B",400,"hepatitis","294,295,961,400,402",73,"A.5.8.2",1,1,1,NA,0.1,95,NA,0,95,"Acute hepatitis B"
3,"GBD reporting",403,4,"hepatitis_c","Acute hepatitis C",400,"hepatitis","294,295,961,400,403",74,"A.5.8.3",1,1,1,NA,0.1,95,NA,0,95,"Acute hepatitis C"
3,"GBD reporting",404,4,"hepatitis_e","Acute hepatitis E",400,"hepatitis","294,295,961,400,404",75,"A.5.8.4",1,1,1,NA,0.1,95,NA,0,95,"Acute hepatitis E"
3,"GBD reporting",408,3,"infectious","Other unspecified infectious diseases",961,"_infect","294,295,961,408",76,"A.5.9",1,1,1,NA,0,95,NA,0,95,"Other unspecified infectious diseases"
3,"GBD reporting",962,2,"mater_neonat","Maternal and neonatal disorders",295,"_comm","294,295,962",77,"A.6",0,1,1,NA,0,50,NA,0,95,"Maternal and neonatal disorders"
3,"GBD reporting",366,3,"maternal","Maternal disorders",962,"mater_neonat","294,295,962,366",78,"A.6.1",0,0,1,NA,10,50,NA,10,95,"Maternal disorders"
3,"GBD reporting",367,4,"maternal_hem","Maternal hemorrhage",366,"maternal","294,295,962,366,367",79,"A.6.1.1",1,0,1,NA,10,50,NA,10,50,"Maternal haemorrhage"
3,"GBD reporting",368,4,"maternal_sepsis","Maternal sepsis and other maternal infections",366,"maternal","294,295,962,366,368",80,"A.6.1.2",1,0,1,NA,10,50,NA,10,50,"Maternal sepsis and other pregnancy related infections"
3,"GBD reporting",369,4,"maternal_htn","Maternal hypertensive disorders",366,"maternal","294,295,962,366,369",81,"A.6.1.3",1,0,1,NA,10,50,NA,10,50,"Maternal hypertensive disorders"
3,"GBD reporting",370,4,"maternal_obstruct","Maternal obstructed labor and uterine rupture",366,"maternal","294,295,962,366,370",82,"A.6.1.4",1,0,1,NA,10,50,NA,10,95,"Maternal obstructed labour and uterine rupture"
3,"GBD reporting",995,4,"maternal_abort_mis","Maternal abortion and miscarriage",366,"maternal","294295962366995",83,"A.6.1.5",1,0,1,NA,10,50,NA,10,50,"Maternal abortive outcome"
3,"GBD reporting",374,4,"maternal_abort_ectopic","Ectopic pregnancy",366,"maternal","294,295,962,366,374",84,"A.6.1.6",1,0,1,NA,10,50,NA,10,50,"Ectopic pregnancy"
3,"GBD reporting",375,4,"maternal_indirect","Indirect maternal deaths",366,"maternal","294,295,962,366,375",85,"A.6.1.7",1,0,1,1,10,50,NA,NA,NA,"Indirect maternal deaths"
3,"GBD reporting",376,4,"maternal_late","Late maternal deaths",366,"maternal","294,295,962,366,376",86,"A.6.1.8",1,0,1,1,10,50,NA,NA,NA,"Late maternal deaths"
3,"GBD reporting",741,4,"maternal_hiv","Maternal deaths aggravated by HIV/AIDS",366,"maternal","294,295,962,366,741",87,"A.6.1.9",1,0,1,1,10,50,NA,NA,NA,"Maternal deaths aggravated by HIV/AIDS"
3,"GBD reporting",379,4,"maternal_other","Other maternal disorders",366,"maternal","294,295,962,366,379",88,"A.6.1.10",1,0,1,NA,10,50,NA,10,50,"Other maternal disorders"
3,"GBD reporting",380,3,"neonatal","Neonatal disorders",962,"mater_neonat","294,295,962,380",89,"A.6.2",0,1,1,NA,0,1,NA,0,95,"Neonatal disorders"
3,"GBD reporting",381,4,"neonatal_preterm","Neonatal preterm birth",380,"neonatal","294,295,962,380,381",90,"A.6.2.1",1,1,1,NA,0,1,NA,0,95,"Neonatal preterm birth"
3,"GBD reporting",382,4,"neonatal_enceph","Neonatal encephalopathy due to birth asphyxia and trauma",380,"neonatal","294,295,962,380,382",91,"A.6.2.2",1,1,1,NA,0,1,NA,0,95,"Neonatal encephalopathy due to birth asphyxia and trauma"
3,"GBD reporting",383,4,"neonatal_sepsis","Neonatal sepsis and other neonatal infections",380,"neonatal","294,295,962,380,383",92,"A.6.2.3",1,1,1,NA,0,1,NA,0,95,"Neonatal sepsis and other neonatal infections"
3,"GBD reporting",384,4,"neonatal_hemolytic","Hemolytic disease and other neonatal jaundice",380,"neonatal","294,295,962,380,384",93,"A.6.2.4",1,1,1,NA,0,1,NA,0,95,"Hemolytic disease and other neonatal jaundice"
3,"GBD reporting",385,4,"neonatal_other","Other neonatal disorders",380,"neonatal","294,295,962,380,385",94,"A.6.2.5",1,1,1,NA,0,1,NA,0,95,"Other neonatal disorders"
3,"GBD reporting",386,2,"nutrition","Nutritional deficiencies",295,"_comm","294,295,386",95,"A.7",0,1,1,NA,0.1,95,NA,0,95,"Nutritional deficiencies"
3,"GBD reporting",387,3,"nutrition_pem","Protein-energy malnutrition",386,"nutrition","294,295,386,387",96,"A.7.1",1,1,1,NA,0.1,95,NA,0,95,"Protein-energy malnutrition"
3,"GBD reporting",388,3,"nutrition_iodine","Iodine deficiency",386,"nutrition","294,295,386,388",97,"A.7.2",1,1,1,NA,NA,NA,1,0,95,"Iodine deficiency"
3,"GBD reporting",389,3,"nutrition_vitamina","Vitamin A deficiency",386,"nutrition","294,295,386,389",98,"A.7.3",1,1,1,NA,NA,NA,1,1,95,"Vitamin A deficiency"
3,"GBD reporting",390,3,"nutrition_iron","Dietary iron deficiency",386,"nutrition","294,295,386,390",99,"A.7.4",1,1,1,NA,NA,NA,1,0,95,"Dietary iron deficiency"
3,"GBD reporting",391,3,"nutrition_other","Other nutritional deficiencies",386,"nutrition","294,295,386,391",100,"A.7.5",1,1,1,NA,0.1,95,NA,0.1,95,"Other nutritional deficiencies"
3,"GBD reporting",409,1,"_ncd","Non-communicable diseases",294,"_all","294,409",101,"B",0,1,1,NA,0,95,NA,0,95,"Non-communicable diseases"
3,"GBD reporting",410,2,"_neo","Neoplasms",409,"_ncd","294,409,410",102,"B.1",0,1,1,NA,0,95,NA,0,95,"Neoplasms"
3,"GBD reporting",444,3,"neo_mouth","Lip and oral cavity cancer",410,"_neo","294,409,410,444",103,"B.1.1",1,1,1,NA,15,95,NA,15,95,"Lip and oral cavity cancer"
3,"GBD reporting",447,3,"neo_nasopharynx","Nasopharynx cancer",410,"_neo","294,409,410,447",104,"B.1.2",1,1,1,NA,5,95,NA,5,95,"Nasopharynx cancer"
3,"GBD reporting",450,3,"neo_otherpharynx","Other pharynx cancer",410,"_neo","294,409,410,450",105,"B.1.3",1,1,1,NA,15,95,NA,15,95,"Other pharynx cancer"
3,"GBD reporting",411,3,"neo_esophageal","Esophageal cancer",410,"_neo","294,409,410,411",106,"B.1.4",1,1,1,NA,15,95,NA,15,95,"Oesophageal cancer"
3,"GBD reporting",414,3,"neo_stomach","Stomach cancer",410,"_neo","294,409,410,414",107,"B.1.5",1,1,1,NA,15,95,NA,15,95,"Stomach cancer"
3,"GBD reporting",441,3,"neo_colorectal","Colon and rectum cancer",410,"_neo","294,409,410,441",108,"B.1.6",1,1,1,NA,15,95,NA,15,95,"Colon and rectum cancer"
3,"GBD reporting",417,3,"neo_liver","Liver cancer",410,"_neo","294,409,410,417",109,"B.1.7",0,1,1,NA,5,95,NA,5,95,"Liver cancer"
3,"GBD reporting",418,4,"neo_liver_hepb","Liver cancer due to hepatitis B",417,"neo_liver","294,409,410,417,418",110,"B.1.7.1",1,1,1,NA,5,95,NA,5,95,"Liver cancer due to hepatitis B"
3,"GBD reporting",419,4,"neo_liver_hepc","Liver cancer due to hepatitis C",417,"neo_liver","294,409,410,417,419",111,"B.1.7.2",1,1,1,NA,5,95,NA,5,95,"Liver cancer due to hepatitis C"
3,"GBD reporting",420,4,"neo_liver_alcohol","Liver cancer due to alcohol use",417,"neo_liver","294,409,410,417,420",112,"B.1.7.3",1,1,1,NA,15,95,NA,15,95,"Liver cancer due to alcohol use"
3,"GBD reporting",996,4,"neo_liver_nash","Liver cancer due to NASH",417,"neo_liver","294,409,410,417,996",113,"B.1.7.4",1,1,1,NA,15,95,NA,15,95,"Liver cancer due to NASH"
3,"GBD reporting",421,4,"neo_liver_other","Liver cancer due to other causes",417,"neo_liver","294,409,410,417,421",114,"B.1.7.5",1,1,1,NA,5,95,NA,0,95,"Liver cancer due to other causes"
3,"GBD reporting",453,3,"neo_gallbladder","Gallbladder and biliary tract cancer",410,"_neo","294,409,410,453",115,"B.1.8",1,1,1,NA,15,95,NA,15,95,"Gallbladder and biliary tract cancer"
3,"GBD reporting",456,3,"neo_pancreas","Pancreatic cancer",410,"_neo","294,409,410,456",116,"B.1.9",1,1,1,NA,15,95,NA,15,95,"Pancreatic cancer"
3,"GBD reporting",423,3,"neo_larynx","Larynx cancer",410,"_neo","294,409,410,423",117,"B.1.10",1,1,1,NA,15,95,NA,15,95,"Larynx cancer"
3,"GBD reporting",426,3,"neo_lung","Tracheal, bronchus, and lung cancer",410,"_neo","294,409,410,426",118,"B.1.11",1,1,1,NA,15,95,NA,15,95,"Tracheal, bronchus, and lung cancer"
3,"GBD reporting",459,3,"neo_melanoma","Malignant skin melanoma",410,"_neo","294,409,410,459",119,"B.1.12",1,1,1,NA,15,95,NA,15,95,"Malignant skin melanoma"
3,"GBD reporting",462,3,"neo_nmsc","Non-melanoma skin cancer",410,"_neo","294,409,410,462",120,"B.1.13",0,1,1,NA,15,95,NA,15,95,"Non-melanoma skin cancer"
3,"GBD reporting",849,4,"neo_nmsc_scc","Non-melanoma skin cancer (squamous-cell carcinoma)",462,"neo_nmsc","294,409,410,462,849",121,"B.1.13.1",1,1,1,NA,15,95,NA,15,95,"Non-melanoma skin cancer (squamous-cell carcinoma)"
3,"GBD reporting",850,4,"neo_nmsc_bcc","Non-melanoma skin cancer (basal-cell carcinoma)",462,"neo_nmsc","294,409,410,462,850",122,"B.1.13.2",1,1,1,NA,NA,NA,1,15,95,"Non-melanoma skin cancer (basal-cell carcinoma)"
3,"GBD reporting",429,3,"neo_breast","Breast cancer",410,"_neo","294,409,410,429",123,"B.1.14",1,1,1,NA,15,95,NA,15,95,"Breast cancer"
3,"GBD reporting",432,3,"neo_cervical","Cervical cancer",410,"_neo","294,409,410,432",124,"B.1.15",1,0,1,NA,15,95,NA,15,95,"Cervical cancer"
3,"GBD reporting",435,3,"neo_uterine","Uterine cancer",410,"_neo","294,409,410,435",125,"B.1.16",1,0,1,NA,15,95,NA,15,95,"Uterine cancer"
3,"GBD reporting",465,3,"neo_ovarian","Ovarian cancer",410,"_neo","294,409,410,465",126,"B.1.17",1,0,1,NA,15,95,NA,15,95,"Ovarian cancer"
3,"GBD reporting",438,3,"neo_prostate","Prostate cancer",410,"_neo","294,409,410,438",127,"B.1.18",1,1,0,NA,15,95,NA,15,95,"Prostate cancer"
3,"GBD reporting",468,3,"neo_testicular","Testicular cancer",410,"_neo","294,409,410,468",128,"B.1.19",1,1,0,NA,15,95,NA,15,95,"Testicular cancer"
3,"GBD reporting",471,3,"neo_kidney","Kidney cancer",410,"_neo","294,409,410,471",129,"B.1.20",1,1,1,NA,0,95,NA,1,95,"Kidney cancer"
3,"GBD reporting",474,3,"neo_bladder","Bladder cancer",410,"_neo","294,409,410,474",130,"B.1.21",1,1,1,NA,15,95,NA,15,95,"Bladder cancer"
3,"GBD reporting",477,3,"neo_brain","Brain and nervous system cancer",410,"_neo","294,409,410,477",131,"B.1.22",1,1,1,NA,0,95,NA,0,95,"Brain and nervous system cancer"
3,"GBD reporting",480,3,"neo_thyroid","Thyroid cancer",410,"_neo","294,409,410,480",132,"B.1.23",1,1,1,NA,10,95,NA,10,95,"Thyroid cancer"
3,"GBD reporting",483,3,"neo_meso","Mesothelioma",410,"_neo","294,409,410,483",133,"B.1.24",1,1,1,NA,15,95,NA,15,95,"Mesothelioma"
3,"GBD reporting",484,3,"neo_hodgkins","Hodgkin lymphoma",410,"_neo","294,409,410,484",134,"B.1.25",1,1,1,NA,0,95,NA,0.1,95,"Hodgkin lymphoma"
3,"GBD reporting",485,3,"neo_lymphoma","Non-Hodgkin lymphoma",410,"_neo","294,409,410,485",135,"B.1.26",1,1,1,NA,0,95,NA,1,95,"Non-Hodgkin's lymphoma"
3,"GBD reporting",486,3,"neo_myeloma","Multiple myeloma",410,"_neo","294,409,410,486",136,"B.1.27",1,1,1,NA,15,95,NA,15,95,"Multiple myeloma"
3,"GBD reporting",487,3,"neo_leukemia","Leukemia",410,"_neo","294,409,410,487",137,"B.1.28",0,1,1,NA,0,95,NA,0.1,95,"Leukaemia"
3,"GBD reporting",845,4,"neo_leukemia_ll_acute","Acute lymphoid leukemia",487,"neo_leukemia","294,409,410,487,845",138,"B.1.28.1",1,1,1,NA,0,95,NA,0.1,95,"Acute lymphoid leukaemia"
3,"GBD reporting",846,4,"neo_leukemia_ll_chronic","Chronic lymphoid leukemia",487,"neo_leukemia","294,409,410,487,846",139,"B.1.28.2",1,1,1,NA,15,95,NA,15,95,"Chronic lymphoid leukaemia"
3,"GBD reporting",847,4,"neo_leukemia_ml_acute","Acute myeloid leukemia",487,"neo_leukemia","294,409,410,487,847",140,"B.1.28.3",1,1,1,NA,0,95,NA,0,95,"Acute myeloid leukaemia"
3,"GBD reporting",848,4,"neo_leukemia_ml_chronic","Chronic myeloid leukemia",487,"neo_leukemia","294,409,410,487,848",141,"B.1.28.4",1,1,1,NA,15,95,NA,15,95,"Chronic myeloid leukaemia"
3,"GBD reporting",943,4,"neo_leukemia_other","Other leukemia",487,"neo_leukemia","294,409,410,487,943",142,"B.1.28.5",1,1,1,NA,0,95,NA,0.1,95,"Other leukaemia"
3,"GBD reporting",489,3,"neo_other_cancer","Other malignant neoplasms",410,"_neo","294,409,410,489",143,"B.1.29",1,1,1,NA,0,95,NA,0,95,"Other malignant cancers"
3,"GBD reporting",490,3,"neo_other_benign","Other neoplasms",410,"_neo","294,409,410,490",144,"B.1.30",0,1,1,NA,0,95,NA,0.01,95,"Other neoplasms"
3,"GBD reporting",964,4,"neo_ben_blood","Myelodysplastic, myeloproliferative, and other hematopoietic neoplasms",490,"neo_other_benign","294,409,410,490,964",145,"B.1.30.1",1,1,1,NA,0,95,NA,0.01,95,"Myelodysplastic, myeloproliferative, and other hematopoietic neoplasms"
3,"GBD reporting",965,4,"neo_ben_intest","Benign and in situ intestinal neoplasms",490,"neo_other_benign","294,409,410,490,965",146,"B.1.30.2",1,1,1,NA,0,95,1,0.01,95,"Benign and in situ intestinal neoplasms"
3,"GBD reporting",966,4,"neo_ben_utr","Benign and in situ cervical and uterine neoplasms",490,"neo_other_benign","294,409,410,490,966",147,"B.1.30.3",1,0,1,NA,0,95,1,0.01,95,"Benign and in situ cervical and uterine neoplasms"
3,"GBD reporting",967,4,"neo_ben_other","Other benign and in situ neoplasms",490,"neo_other_benign","294,409,410,490,967",148,"B.1.30.4",1,1,1,NA,0,95,NA,0.01,95,"Other benign and in situ neoplasms"
3,"GBD reporting",491,2,"cvd","Cardiovascular diseases",409,"_ncd","294,409,491",149,"B.2",0,1,1,NA,0,95,NA,0,95,"Cardiovascular diseases"
3,"GBD reporting",492,3,"cvd_rhd","Rheumatic heart disease",491,"cvd","294,409,491,492",150,"B.2.1",1,1,1,NA,1,95,NA,1,95,"Rheumatic heart disease"
3,"GBD reporting",493,3,"cvd_ihd","Ischemic heart disease",491,"cvd","294,409,491,493",151,"B.2.2",1,1,1,NA,15,95,NA,15,95,"Ischaemic heart disease"
3,"GBD reporting",494,3,"cvd_stroke","Stroke",491,"cvd","294,409,491,494",152,"B.2.3",0,1,1,NA,0,95,NA,1,95,"Stroke"
3,"GBD reporting",495,4,"cvd_stroke_isch","Ischemic stroke",494,"cvd_stroke","294,409,491,494,495",153,"B.2.3.1",1,1,1,NA,0,95,NA,0,95,"Ischaemic stroke"
3,"GBD reporting",496,4,"cvd_stroke_cerhem","Intracerebral hemorrhage",494,"cvd_stroke","294,409,491,494,496",154,"B.2.3.2",1,1,1,NA,0,95,NA,1,95,"Intracerebral hemorrhage"
3,"GBD reporting",497,4,"cvd_stroke_subhem","Subarachnoid hemorrhage",494,"cvd_stroke","294,409,491,494,497",155,"B.2.3.3",1,1,1,NA,0,95,NA,0,95,"Subarachnoid hemorrhage"
3,"GBD reporting",498,3,"cvd_htn","Hypertensive heart disease",491,"cvd","294,409,491,498",156,"B.2.4",1,1,1,NA,15,95,NA,15,95,"Hypertensive heart disease"
3,"GBD reporting",504,3,"cvd_valvu","Non-rheumatic valvular heart disease",491,"cvd","294,409,491,504",157,"B.2.5",0,1,1,NA,15,95,NA,15,95,"Non-rheumatic valvular heart disease"
3,"GBD reporting",968,4,"cvd_valvu_aort","Non-rheumatic calcific aortic valve disease",504,"cvd_valvu","294,409,491,504,968",158,"B.2.5.1",1,1,1,NA,15,95,NA,15,95,"Non-rheumatic calcific aortic valve disease"
3,"GBD reporting",969,4,"cvd_valvu_mitral","Non-rheumatic degenerative mitral valve disease",504,"cvd_valvu","294,409,491,504,969",159,"B.2.5.2",1,1,1,NA,15,95,NA,15,95,"Non-rheumatic degenerative mitral valve disease"
3,"GBD reporting",970,4,"cvd_valvu_other","Other non-rheumatic valve diseases",504,"cvd_valvu","294,409,491,504,970",160,"B.2.5.3",1,1,1,NA,15,95,NA,15,95,"Other non-rheumatic valve diseases"
3,"GBD reporting",499,3,"cvd_cmp","Cardiomyopathy and myocarditis",491,"cvd","294,409,491,499",161,"B.2.6",0,1,1,NA,0,95,NA,1,95,"Cardiomyopathy and myocarditis"
3,"GBD reporting",942,4,"cvd_cmp_myocarditis","Myocarditis",499,"cvd_cmp","294,409,491,499,942",162,"B.2.6.1",1,1,1,NA,0,95,NA,1,95,"Myocarditis"
3,"GBD reporting",938,4,"cvd_cmp_alcoholic","Alcoholic cardiomyopathy",499,"cvd_cmp","294,409,491,499,938",163,"B.2.6.2",1,1,1,NA,15,95,NA,1,95,"Alcoholic cardiomyopathy"
3,"GBD reporting",944,4,"cvd_cmp_other","Other cardiomyopathy",499,"cvd_cmp","294,409,491,499,944",164,"B.2.6.3",1,1,1,NA,0,95,NA,1,95,"Other cardiomyopathy"
3,"GBD reporting",500,3,"cvd_afib","Atrial fibrillation and flutter",491,"cvd","294,409,491,500",165,"B.2.7",1,1,1,NA,30,95,NA,30,95,"Atrial fibrillation and flutter"
3,"GBD reporting",501,3,"cvd_aortic","Aortic aneurysm",491,"cvd","294,409,491,501",166,"B.2.8",1,1,1,1,15,95,NA,NA,NA,"Aortic aneurysm"
3,"GBD reporting",502,3,"cvd_pvd","Peripheral artery disease",491,"cvd","294,409,491,502",167,"B.2.9",1,1,1,NA,40,95,NA,40,95,"Peripheral vascular disease"
3,"GBD reporting",503,3,"cvd_endo","Endocarditis",491,"cvd","294,409,491,503",168,"B.2.10",1,1,1,NA,0,95,NA,0,95,"Endocarditis"
3,"GBD reporting",507,3,"cvd_other","Other cardiovascular and circulatory diseases",491,"cvd","294,409,491,507",169,"B.2.11",1,1,1,NA,0,95,NA,1,95,"Other cardiovascular and circulatory diseases"
3,"GBD reporting",508,2,"resp","Chronic respiratory diseases",409,"_ncd","294,409,508",170,"B.3",0,1,1,NA,0,95,NA,1,95,"Chronic respiratory diseases"
3,"GBD reporting",509,3,"resp_copd","Chronic obstructive pulmonary disease",508,"resp","294,409,508,509",171,"B.3.1",1,1,1,NA,0.1,95,NA,1,95,"Chronic obstructive pulmonary disease"
3,"GBD reporting",510,3,"resp_pneum","Pneumoconiosis",508,"resp","294,409,508,510",172,"B.3.2",0,1,1,NA,15,95,NA,1,95,"Pneumoconiosis"
3,"GBD reporting",511,4,"resp_pneum_silico","Silicosis",510,"resp_pneum","294,409,508,510,511",173,"B.3.2.1",1,1,1,NA,15,95,NA,1,95,"Silicosis"
3,"GBD reporting",512,4,"resp_pneum_asbest","Asbestosis",510,"resp_pneum","294,409,508,510,512",174,"B.3.2.2",1,1,1,NA,15,95,NA,1,95,"Asbestosis"
3,"GBD reporting",513,4,"resp_pneum_coal","Coal workers pneumoconiosis",510,"resp_pneum","294,409,508,510,513",175,"B.3.2.3",1,1,1,NA,15,95,NA,1,95,"Coal workers pneumoconiosis"
3,"GBD reporting",514,4,"resp_pneum_other","Other pneumoconiosis",510,"resp_pneum","294,409,508,510,514",176,"B.3.2.4",1,1,1,NA,15,95,NA,1,95,"Other pneumoconiosis"
3,"GBD reporting",515,3,"resp_asthma","Asthma",508,"resp","294,409,508,515",177,"B.3.3",1,1,1,NA,1,95,NA,1,95,"Asthma"
3,"GBD reporting",516,3,"resp_interstitial","Interstitial lung disease and pulmonary sarcoidosis",508,"resp","294,409,508,516",178,"B.3.4",1,1,1,NA,1,95,NA,1,95,"Interstitial lung disease and pulmonary sarcoidosis"
3,"GBD reporting",520,3,"resp_other","Other chronic respiratory diseases",508,"resp","294,409,508,520",179,"B.3.5",1,1,1,NA,0,95,NA,1,95,"Other chronic respiratory diseases"
3,"GBD reporting",526,2,"digest","Digestive diseases",409,"_ncd","294,409,526",180,"B.4",0,1,1,NA,0,95,NA,0,95,"Digestive diseases"
3,"GBD reporting",521,3,"cirrhosis","Cirrhosis and other chronic liver diseases",526,"digest","294,409,526,521",181,"B.4.1",0,1,1,NA,1,95,NA,0,95,"Cirrhosis and other chronic liver diseases"
3,"GBD reporting",522,4,"cirrhosis_hepb","Cirrhosis and other chronic liver diseases due to hepatitis B",521,"cirrhosis","294,409,526,521,522",182,"B.4.1.1",1,1,1,NA,1,95,NA,0,95,"Cirrhosis and other chronic liver diseases due to hepatitis B"
3,"GBD reporting",523,4,"cirrhosis_hepc","Cirrhosis and other chronic liver diseases due to hepatitis C",521,"cirrhosis","294,409,526,521,523",183,"B.4.1.2",1,1,1,NA,1,95,NA,0,95,"Cirrhosis and other chronic liver diseases due to hepatitis C"
3,"GBD reporting",524,4,"cirrhosis_alcohol","Cirrhosis and other chronic liver diseases due to alcohol use",521,"cirrhosis","294,409,526,521,524",184,"B.4.1.3",1,1,1,NA,15,95,NA,15,95,"Cirrhosis and other chronic liver diseases due to alcohol use"
3,"GBD reporting",971,4,"cirrhosis_nash","Cirrhosis due to NASH",521,"cirrhosis","294,409,526,521,971",185,"B.4.1.4",1,1,1,NA,15,95,NA,15,95,"Cirrhosis due to NASH"
3,"GBD reporting",525,4,"cirrhosis_other","Cirrhosis and other chronic liver diseases due to other causes",521,"cirrhosis","294,409,526,521,525",186,"B.4.1.5",1,1,1,NA,1,95,NA,0,95,"Cirrhosis and other chronic liver diseases due to other causes"
3,"GBD reporting",992,3,"digest_upper","Upper digestive system diseases",526,"digest","294,409,526,992",187,"B.4.2",0,1,1,NA,1,95,NA,1,95,"Upper digestive system diseases"
3,"GBD reporting",527,4,"digest_pud","Peptic ulcer disease",992,"digest_upper","294,409,526,992,527",188,"B.4.2.1",1,1,1,NA,1,95,NA,1,95,"Peptic ulcer disease"
3,"GBD reporting",528,4,"digest_gastritis","Gastritis and duodenitis",992,"digest_upper","294,409,526,992,528",189,"B.4.2.2",1,1,1,NA,1,95,NA,1,95,"Gastritis and duodenitis"
3,"GBD reporting",536,4,"digest_gerd","Gastroesophageal reflux disease",992,"digest_upper","294,409,526,992,536",190,"B.4.2.3",1,1,1,NA,NA,NA,1,15,95,"GERD"
3,"GBD reporting",529,3,"digest_appendicitis","Appendicitis",526,"digest","294,409,526,529",191,"B.4.3",1,1,1,NA,1,95,NA,1,95,"Appendicitis"
3,"GBD reporting",530,3,"digest_ileus","Paralytic ileus and intestinal obstruction",526,"digest","294,409,526,530",192,"B.4.4",1,1,1,NA,0,95,NA,0,95,"Paralytic ileus and intestinal obstruction"
3,"GBD reporting",531,3,"digest_hernia","Inguinal, femoral, and abdominal hernia",526,"digest","294,409,526,531",193,"B.4.5",1,1,1,NA,1,95,NA,0,95,"Inguinal, femoral, and abdominal hernia"
3,"GBD reporting",532,3,"digest_ibd","Inflammatory bowel disease",526,"digest","294,409,526,532",194,"B.4.6",1,1,1,NA,1,95,NA,1,95,"Inflammatory bowel disease"
3,"GBD reporting",533,3,"digest_vascular","Vascular intestinal disorders",526,"digest","294,409,526,533",195,"B.4.7",1,1,1,NA,1,95,NA,1,95,"Vascular intestinal disorders"
3,"GBD reporting",534,3,"digest_bile","Gallbladder and biliary diseases",526,"digest","294,409,526,534",196,"B.4.8",1,1,1,NA,1,95,NA,1,95,"Gallbladder and biliary diseases"
3,"GBD reporting",535,3,"digest_pancreatitis","Pancreatitis",526,"digest","294,409,526,535",197,"B.4.9",1,1,1,NA,1,95,NA,1,95,"Pancreatitis"
3,"GBD reporting",541,3,"digest_other","Other digestive diseases",526,"digest","294,409,526,541",198,"B.4.10",1,1,1,NA,1,95,NA,1,95,"Other digestive diseases"
3,"GBD reporting",542,2,"_neuro","Neurological disorders",409,"_ncd","294,409,542",199,"B.5",0,1,1,NA,0.1,95,NA,0,95,"Neurological disorders"
3,"GBD reporting",543,3,"neuro_dementia","Alzheimer disease and other dementias",542,"_neuro","294,409,542,543",200,"B.5.1",1,1,1,NA,40,95,NA,40,95,"Alzheimer's disease and other dementias"
3,"GBD reporting",544,3,"neuro_parkinsons","Parkinson disease",542,"_neuro","294,409,542,544",201,"B.5.2",1,1,1,NA,20,95,NA,20,95,"Parkinson's disease"
3,"GBD reporting",545,3,"neuro_epilepsy","Epilepsy",542,"_neuro","294,409,542,545",202,"B.5.3",1,1,1,NA,0.1,95,NA,0,95,"Epilepsy"
3,"GBD reporting",546,3,"neuro_ms","Multiple sclerosis",542,"_neuro","294,409,542,546",203,"B.5.4",1,1,1,NA,20,95,NA,5,95,"Multiple sclerosis"
3,"GBD reporting",554,3,"neuro_neurone","Motor neuron disease",542,"_neuro","294,409,542,554",204,"B.5.5",1,1,1,NA,0,95,NA,0,95,"Motor neuron disease"
3,"GBD reporting",972,3,"neuro_headach","Headache disorders",542,"_neuro","294,409,542,972",205,"B.5.6",0,1,1,NA,NA,NA,1,5,95,"Headache disorders"
3,"GBD reporting",547,4,"neuro_migraine","Migraine",972,"neuro_headach","294,409,542,972,547",206,"B.5.6.1",1,1,1,NA,NA,NA,1,5,95,"Migraine"
3,"GBD reporting",548,4,"neuro_tensache","Tension-type headache",972,"neuro_headach","294,409,542,972,548",207,"B.5.6.2",1,1,1,NA,NA,NA,1,5,95,"Tension-type headache"
3,"GBD reporting",557,3,"neuro_other","Other neurological disorders",542,"_neuro","294,409,542,557",208,"B.5.7",1,1,1,NA,0.1,95,NA,1,95,"Other neurological disorders"
3,"GBD reporting",558,2,"_mental","Mental disorders",409,"_ncd","294,409,558",209,"B.6",0,1,1,NA,0,95,NA,0,95,"Mental disorders"
3,"GBD reporting",559,3,"mental_schizo","Schizophrenia",558,"_mental","294,409,558,559",210,"B.6.1",1,1,1,NA,NA,NA,1,10,95,"Schizophrenia"
3,"GBD reporting",567,3,"mental_unipolar","Depressive disorders",558,"_mental","294,409,558,567",211,"B.6.2",0,1,1,NA,NA,NA,1,1,95,"Depressive disorders"
3,"GBD reporting",568,4,"mental_unipolar_mdd","Major depressive disorder",567,"mental_unipolar","294,409,558,567,568",212,"B.6.2.1",1,1,1,NA,NA,NA,1,1,95,"Major depressive disorder"
3,"GBD reporting",569,4,"mental_unipolar_dys","Dysthymia",567,"mental_unipolar","294,409,558,567,569",213,"B.6.2.2",1,1,1,NA,NA,NA,1,1,95,"Dysthymia"
3,"GBD reporting",570,3,"mental_bipolar","Bipolar disorder",558,"_mental","294,409,558,570",214,"B.6.3",1,1,1,NA,NA,NA,1,10,95,"Bipolar disorder"
3,"GBD reporting",571,3,"mental_anxiety","Anxiety disorders",558,"_mental","294,409,558,571",215,"B.6.4",1,1,1,NA,NA,NA,1,1,95,"Anxiety disorders"
3,"GBD reporting",572,3,"mental_eating","Eating disorders",558,"_mental","294,409,558,572",216,"B.6.5",0,1,1,NA,5,45,NA,5,45,"Eating disorders"
3,"GBD reporting",573,4,"mental_eating_anorexia","Anorexia nervosa",572,"mental_eating","294,409,558,572,573",217,"B.6.5.1",1,1,1,NA,5,45,NA,5,45,"Anorexia nervosa"
3,"GBD reporting",574,4,"mental_eating_bulimia","Bulimia nervosa",572,"mental_eating","294,409,558,572,574",218,"B.6.5.2",1,1,1,NA,5,45,NA,5,45,"Bulimia nervosa"
3,"GBD reporting",575,3,"mental_pdd","Autistic spectrum disorders",558,"_mental","294,409,558,575",219,"B.6.6",1,1,1,NA,NA,NA,1,1,95,"Autistic spectrum disorders"
3,"GBD reporting",578,3,"mental_adhd","Attention-deficit/hyperactivity disorder",558,"_mental","294,409,558,578",220,"B.6.7",1,1,1,NA,NA,NA,1,1,95,"Attention-deficit/hyperactivity disorder"
3,"GBD reporting",579,3,"mental_conduct","Conduct disorder",558,"_mental","294,409,558,579",221,"B.6.8",1,1,1,NA,NA,NA,1,5,20,"Conduct disorder"
3,"GBD reporting",582,3,"mental_id","Idiopathic developmental intellectual disability",558,"_mental","294,409,558,582",222,"B.6.9",1,1,1,NA,NA,NA,1,0,95,"Idiopathic developmental intellectual disability"
3,"GBD reporting",585,3,"mental_other","Other mental disorders",558,"_mental","294,409,558,585",223,"B.6.10",1,1,1,NA,NA,NA,1,1,95,"Other mental disorders"
3,"GBD reporting",973,2,"_subs","Substance use disorders",409,"_ncd","294,409,973",224,"B.7",0,1,1,NA,0,95,NA,0,95,"Substance use disorders"
3,"GBD reporting",560,3,"mental_alcohol","Alcohol use disorders",973,"_subs","294,409,973,560",225,"B.7.1",1,1,1,NA,15,95,NA,0,95,"Alcohol use disorders"
3,"GBD reporting",561,3,"mental_drug","Drug use disorders",973,"_subs","294,409,973,561",226,"B.7.2",0,1,1,NA,0,95,NA,10,95,"Drug use disorders"
3,"GBD reporting",562,4,"mental_drug_opioids","Opioid use disorders",561,"mental_drug","294,409,973,561,562",227,"B.7.2.1",1,1,1,NA,0,95,NA,15,95,"Opioid use disorders"
3,"GBD reporting",563,4,"mental_drug_cocaine","Cocaine use disorders",561,"mental_drug","294,409,973,561,563",228,"B.7.2.2",1,1,1,NA,15,95,NA,15,95,"Cocaine use disorders"
3,"GBD reporting",564,4,"mental_drug_amphet","Amphetamine use disorders",561,"mental_drug","294,409,973,561,564",229,"B.7.2.3",1,1,1,NA,15,95,NA,10,95,"Amphetamine use disorders"
3,"GBD reporting",565,4,"mental_drug_cannabis","Cannabis use disorders",561,"mental_drug","294,409,973,561,565",230,"B.7.2.4",1,1,1,NA,NA,NA,1,10,95,"Cannabis use disorders"
3,"GBD reporting",566,4,"mental_drug_other","Other drug use disorders",561,"mental_drug","294,409,973,561,566",231,"B.7.2.5",1,1,1,NA,15,95,NA,10,95,"Other drug use disorders"
3,"GBD reporting",974,2,"diab_ckd","Diabetes and kidney diseases",409,"_ncd","294,409,974",232,"B.8",0,1,1,NA,0,95,NA,0,95,"Diabetes and kidney diseases"
3,"GBD reporting",587,3,"diabetes","Diabetes mellitus",974,"diab_ckd","294,409,974,587",233,"B.8.1",0,1,1,NA,0,95,NA,0,95,"Diabetes mellitus"
3,"GBD reporting",975,4,"diabetes_typ1","Diabetes mellitus type 1",587,"diabetes","294,409,974,587,975",234,"B.8.1.1",1,1,1,NA,0,95,NA,0,95,"Diabetes mellitus type 1"
3,"GBD reporting",976,4,"diabetes_typ2","Diabetes mellitus type 2",587,"diabetes","294,409,974,587,976",235,"B.8.1.2",1,1,1,NA,15,95,NA,NA,95,"Diabetes mellitus type 2"
3,"GBD reporting",589,3,"ckd","Chronic kidney disease",974,"diab_ckd","294,409,974,589",236,"B.8.2",0,1,1,NA,0.1,95,NA,0,95,"Chronic kidney disease"
3,"GBD reporting",997,4,"ckd_diabetes_typ1","Chronic kidney disease due to diabetes mellitus type 1",589,"ckd","294,409,974,589,997",237.1,"B.8.2.1",1,1,1,NA,0.1,95,NA,0,95,"Chronic kidney disease due to diabetes mellitus type 1"
3,"GBD reporting",998,4,"ckd_diabetes_typ2","Chronic kidney disease due to diabetes mellitus type 2",589,"ckd","294,409,974,589,998",237.2,"B.8.2.2",1,1,1,NA,0.1,95,NA,0,95,"Chronic kidney disease due to diabetes mellitus type 2"
3,"GBD reporting",591,4,"ckd_htn","Chronic kidney disease due to hypertension",589,"ckd","294,409,974,589,591",238,"B.8.2.3",1,1,1,NA,0.1,95,NA,0,95,"Chronic kidney disease due to hypertension"
3,"GBD reporting",592,4,"ckd_glomerulo","Chronic kidney disease due to glomerulonephritis",589,"ckd","294,409,974,589,592",239,"B.8.2.4",1,1,1,NA,0.1,95,NA,0,95,"Chronic kidney disease due to glomerulonephritis"
3,"GBD reporting",593,4,"ckd_other","Chronic kidney disease due to other causes",589,"ckd","294,409,974,589,593",240,"B.8.2.5",1,1,1,NA,0.1,95,NA,0,95,"Chronic kidney disease due to other causes"
3,"GBD reporting",588,3,"glomerulo","Acute glomerulonephritis",974,"diab_ckd","294,409,974,588",241,"B.8.3",1,1,1,NA,0.1,95,NA,0,95,"Acute glomerulonephritis"
3,"GBD reporting",653,2,"skin","Skin and subcutaneous diseases",409,"_ncd","294,409,653",242,"B.9",0,1,1,NA,0.1,95,NA,0,95,"Skin and subcutaneous diseases"
3,"GBD reporting",654,3,"skin_eczema","Dermatitis",653,"skin","294,409,653,654",243,"B.9.1",0,1,1,NA,NA,NA,1,1,95,"Dermatitis"
3,"GBD reporting",977,4,"skin_eczema_atopy","Atopic dermatitis",654,"skin_eczema","294,409,653,654,977",244,"B.9.1.1",1,1,1,NA,NA,NA,1,1,95,"Atopic dermatitis"
3,"GBD reporting",978,4,"skin_eczema_contact","Contact dermatitis",654,"skin_eczema","294,409,653,654,978",245,"B.9.1.2",1,1,1,NA,NA,NA,1,1,95,"Contact dermatitis"
3,"GBD reporting",979,4,"skin_eczema_sebor","Seborrhoeic dermatitis",654,"skin_eczema","294,409,653,654,979",246,"B.9.1.3",1,1,1,NA,NA,NA,1,1,95,"Seborrhoeic dermatitis"
3,"GBD reporting",655,3,"skin_psoriasis","Psoriasis",653,"skin","294,409,653,655",247,"B.9.2",1,1,1,NA,NA,NA,1,1,95,"Psoriasis"
3,"GBD reporting",980,3,"skin_infect","Bacterial skin diseases",653,"skin","294,409,653,980",248,"B.9.3",0,1,1,NA,0.01,95,NA,0,95,"Bacterial skin diseases"
3,"GBD reporting",656,4,"skin_cellulitis","Cellulitis",980,"skin_infect","294,409,653,980,656",249,"B.9.3.1",1,1,1,NA,0.1,95,NA,0,95,"Cellulitis"
3,"GBD reporting",657,4,"skin_bacterial","Pyoderma",980,"skin_infect","294,409,653,980,657",250,"B.9.3.2",1,1,1,NA,0.1,95,NA,0,95,"Pyoderma"
3,"GBD reporting",658,3,"skin_scabies","Scabies",653,"skin","294,409,653,658",251,"B.9.4",1,1,1,NA,NA,NA,1,0,95,"Scabies"
3,"GBD reporting",659,3,"skin_fungal","Fungal skin diseases",653,"skin","294,409,653,659",252,"B.9.5",1,1,1,NA,NA,NA,1,0,95,"Fungal skin diseases"
3,"GBD reporting",660,3,"skin_viral","Viral skin diseases",653,"skin","294,409,653,660",253,"B.9.6",1,1,1,NA,NA,NA,1,1,95,"Viral skin diseases"
3,"GBD reporting",661,3,"skin_acne","Acne vulgaris",653,"skin","294,409,653,661",254,"B.9.7",1,1,1,NA,NA,NA,1,5,95,"Acne vulgaris"
3,"GBD reporting",662,3,"skin_alopecia","Alopecia areata",653,"skin","294,409,653,662",255,"B.9.8",1,1,1,NA,NA,NA,1,1,95,"Alopecia areata"
3,"GBD reporting",663,3,"skin_pruritus","Pruritus",653,"skin","294,409,653,663",256,"B.9.9",1,1,1,NA,NA,NA,1,0,95,"Pruritus"
3,"GBD reporting",664,3,"skin_urticaria","Urticaria",653,"skin","294,409,653,664",257,"B.9.10",1,1,1,NA,NA,NA,1,0,95,"Urticaria"
3,"GBD reporting",665,3,"skin_decubitus","Decubitus ulcer",653,"skin","294,409,653,665",258,"B.9.11",1,1,1,NA,1,95,NA,1,95,"Decubitus ulcer"
3,"GBD reporting",668,3,"skin_other","Other skin and subcutaneous diseases",653,"skin","294,409,653,668",259,"B.9.12",1,1,1,NA,0.1,95,NA,0,95,"Other skin and subcutaneous diseases"
3,"GBD reporting",669,2,"_sense","Sense organ diseases",409,"_ncd","294,409,669",260,"B.10",0,1,1,NA,NA,NA,1,0,95,"Sense organ diseases"
3,"GBD reporting",981,3,"sense_visionlos","Blindness and vision impairment",669,"_sense","294,409,669,981",261,"B.10.1",0,1,1,NA,NA,NA,1,0,95,"Blindness and vision impairment"
3,"GBD reporting",670,4,"sense_glaucoma","Glaucoma",981,"sense_visionlos","294,409,669,981,670",262,"B.10.1.1",1,1,1,NA,NA,NA,1,20,95,"Glaucoma"
3,"GBD reporting",671,4,"sense_cataract","Cataract",981,"sense_visionlos","294,409,669,981,671",263,"B.10.1.2",1,1,1,NA,NA,NA,1,20,95,"Cataract"
3,"GBD reporting",672,4,"sense_macular","Age-related macular degeneration",981,"sense_visionlos","294,409,669,981,672",264,"B.10.1.3",1,1,1,NA,NA,NA,1,45,95,"Age-related macular degeneration"
3,"GBD reporting",999,4,"sense_refrac_dis","Refraction disorders",981,"sense_visionlos","294,409,669,981,999",265.1,"B.10.1.4",1,1,1,NA,NA,NA,1,0,95,"Refraction disorders"
3,"GBD reporting",1000,4,"sense_presbyopia","Presbyopia",981,"sense_visionlos","294,409,669,981,1000",265.2,"B.10.1.5",1,1,1,NA,NA,NA,1,0,95,"Presbyopia"
3,"GBD reporting",675,4,"sense_vision","Other vision loss",981,"sense_visionlos","294,409,669,981,675",266,"B.10.1.6",1,1,1,NA,NA,NA,1,0,95,"Other vision loss"
3,"GBD reporting",674,3,"sense_hearing","Age-related and other hearing loss",669,"_sense","294,409,669,674",267,"B.10.2",1,1,1,NA,NA,NA,1,0,95,"Age-related and other hearing loss"
3,"GBD reporting",679,3,"sense_other","Other sense organ diseases",669,"_sense","294,409,669,679",268,"B.10.3",1,1,1,NA,NA,NA,1,0,95,"Other sense organ diseases"
3,"GBD reporting",626,2,"msk","Musculoskeletal disorders",409,"_ncd","294,409,626",269,"B.11",0,1,1,NA,5,95,NA,5,95,"Musculoskeletal disorders"
3,"GBD reporting",627,3,"msk_rheumarthritis","Rheumatoid arthritis",626,"msk","294,409,626,627",270,"B.11.1",1,1,1,NA,5,95,NA,5,95,"Rheumatoid arthritis"
3,"GBD reporting",628,3,"msk_osteoarthritis","Osteoarthritis",626,"msk","294,409,626,628",271,"B.11.2",1,1,1,NA,NA,NA,1,30,95,"Osteoarthritis"
3,"GBD reporting",630,3,"msk_pain_lowback","Low back pain",626,"msk","294,409,626,630",272,"B.11.3",1,1,1,NA,NA,NA,1,5,95,"Low back pain"
3,"GBD reporting",631,3,"msk_pain_neck","Neck pain",626,"msk","294,409,626,631",273,"B.11.4",1,1,1,NA,NA,NA,1,5,95,"Neck pain"
3,"GBD reporting",632,3,"msk_gout","Gout",626,"msk","294,409,626,632",274,"B.11.5",1,1,1,NA,NA,NA,1,15,95,"Gout"
3,"GBD reporting",639,3,"msk_other","Other musculoskeletal disorders",626,"msk","294,409,626,639",275,"B.11.6",1,1,1,NA,5,95,NA,10,95,"Other musculoskeletal disorders"
3,"GBD reporting",640,2,"_otherncd","Other non-communicable diseases",409,"_ncd","294,409,640",276,"B.12",0,1,1,NA,0,95,NA,0,95,"Other non-communicable diseases"
3,"GBD reporting",641,3,"cong","Congenital birth defects",640,"_otherncd","294,409,640,641",277,"B.12.1",0,1,1,NA,0,65,NA,0,95,"Congenital anomalies"
3,"GBD reporting",642,4,"cong_neural","Neural tube defects",641,"cong","294,409,640,641,642",278,"B.12.1.1",1,1,1,NA,0,65,NA,0,95,"Neural tube defects"
3,"GBD reporting",643,4,"cong_heart","Congenital heart anomalies",641,"cong","294,409,640,641,643",279,"B.12.1.2",1,1,1,NA,0,65,NA,0,95,"Congenital heart anomalies"
3,"GBD reporting",644,4,"cong_cleft","Orofacial clefts",641,"cong","294,409,640,641,644",280,"B.12.1.3",1,1,1,NA,0,1,NA,0,95,"Orofacial clefts"
3,"GBD reporting",645,4,"cong_downs","Down syndrome",641,"cong","294,409,640,641,645",281,"B.12.1.4",1,1,1,NA,0,65,NA,0,65,"Down's syndrome"
3,"GBD reporting",646,4,"cong_turner","Turner syndrome",641,"cong","294,409,640,641,646",282,"B.12.1.5",1,0,1,NA,NA,NA,1,0,95,"Turner syndrome"
3,"GBD reporting",647,4,"cong_klinefelter","Klinefelter syndrome",641,"cong","294,409,640,641,647",283,"B.12.1.6",1,1,0,NA,NA,NA,1,0,95,"Klinefelter syndrome"
3,"GBD reporting",648,4,"cong_chromo","Other chromosomal abnormalities",641,"cong","294,409,640,641,648",284,"B.12.1.7",1,1,1,NA,0,65,NA,0,95,"Other chromosomal abnormalities"
3,"GBD reporting",649,4,"cong_msk","Congenital musculoskeletal and limb anomalies",641,"cong","294,409,640,641,649",285,"B.12.1.8",1,1,1,NA,0,65,NA,0,95,"Congenital musculoskeletal and limb anomalies"
3,"GBD reporting",650,4,"cong_urogenital","Urogenital congenital anomalies",641,"cong","294,409,640,641,650",286,"B.12.1.9",1,1,1,NA,0,65,NA,0,95,"Urogenital congenital anomalies"
3,"GBD reporting",651,4,"cong_digestive","Digestive congenital anomalies",641,"cong","294,409,640,641,651",287,"B.12.1.10",1,1,1,NA,0,65,NA,0,95,"Digestive congenital anomalies"
3,"GBD reporting",652,4,"cong_other","Other congenital birth defects",641,"cong","294,409,640,641,652",288,"B.12.1.11",1,1,1,NA,0,65,NA,0,95,"Other congenital anomalies"
3,"GBD reporting",594,3,"urinary","Urinary diseases and male infertility",640,"_otherncd","294,409,640,594",289,"B.12.2",0,1,1,NA,0,95,NA,0,95,"Urinary diseases and male infertility"
3,"GBD reporting",595,4,"urinary_nephritis","Urinary tract infections",594,"urinary","294,409,640,594,595",290,"B.12.2.1",1,1,1,NA,0,95,NA,0,95,"Urinary tract infections"
3,"GBD reporting",596,4,"urinary_urolithiasis","Urolithiasis",594,"urinary","294,409,640,594,596",291,"B.12.2.2",1,1,1,NA,5,95,NA,1,95,"Urolithiasis"
3,"GBD reporting",597,4,"urinary_bph","Benign prostatic hyperplasia",594,"urinary","294,409,640,594,597",292,"B.12.2.3",1,1,0,NA,NA,NA,1,40,95,"Benign prostatic hyperplasia"
3,"GBD reporting",598,4,"urinary_maleinfert","Male infertility",594,"urinary","294,409,640,594,598",293,"B.12.2.4",1,1,0,NA,NA,NA,1,15,95,"Male infertility"
3,"GBD reporting",602,4,"urinary_other","Other urinary diseases",594,"urinary","294,409,640,594,602",293.1,"B.12.2.5",1,1,1,NA,0,95,NA,0,95,"Other urinary diseases"
3,"GBD reporting",603,3,"gyne","Gynecological diseases",640,"_otherncd","294,409,640,603",293.2,"B.12.3",0,0,1,NA,15,95,NA,10,95,"Gynecological diseases"
3,"GBD reporting",604,4,"gyne_fibroids","Uterine fibroids",603,"gyne","294,409,640,603,604",294,"B.12.3.1",1,0,1,NA,15,95,NA,15,95,"Uterine fibroids"
3,"GBD reporting",605,4,"gyne_polycystic","Polycystic ovarian syndrome",603,"gyne","294,409,640,603,605",295,"B.12.3.2",1,0,1,NA,15,50,NA,15,50,"Polycystic ovarian syndrome"
3,"GBD reporting",606,4,"gyne_femaleinfert","Female infertility",603,"gyne","294,409,640,603,606",296,"B.12.3.3",1,0,1,NA,NA,NA,1,15,50,"Female infertility"
3,"GBD reporting",607,4,"gyne_endometr","Endometriosis",603,"gyne","294,409,640,603,607",297,"B.12.3.4",1,0,1,NA,15,50,NA,15,50,"Endometriosis"
3,"GBD reporting",608,4,"gyne_prolapse","Genital prolapse",603,"gyne","294,409,640,603,608",298,"B.12.3.5",1,0,1,NA,15,95,NA,15,95,"Genital prolapse"
3,"GBD reporting",609,4,"gyne_pms","Premenstrual syndrome",603,"gyne","294,409,640,603,609",299,"B.12.3.6",1,0,1,NA,NA,NA,1,15,50,"Premenstrual syndrome"
3,"GBD reporting",612,4,"gyne_other","Other gynecological diseases",603,"gyne","294,409,640,603,612",300,"B.12.3.7",1,0,1,NA,15,95,NA,15,50,"Other gynecological diseases"
3,"GBD reporting",613,3,"hemog","Hemoglobinopathies and hemolytic anemias",640,"_otherncd","294,409,640,613",302,"B.12.4",0,1,1,NA,0,95,NA,0,95,"Hemoglobinopathies and hemolytic anaemias"
3,"GBD reporting",614,4,"hemog_thalass","Thalassemias",613,"hemog","294,409,640,613,614",303,"B.12.4.1",1,1,1,NA,0,95,NA,0,95,"Thalassemias"
3,"GBD reporting",837,4,"hemog_thalasstrait","Thalassemias trait",613,"hemog","294,409,640,613,837",304,"B.12.4.2",1,1,1,NA,NA,NA,1,0,95,"Thalassaemias trait"
3,"GBD reporting",615,4,"hemog_sickle","Sickle cell disorders",613,"hemog","294,409,640,613,615",305,"B.12.4.3",1,1,1,NA,0,95,NA,0,95,"Sickle cell disorders"
3,"GBD reporting",838,4,"hemog_sickletrait","Sickle cell trait",613,"hemog","294,409,640,613,838",306,"B.12.4.4",1,1,1,NA,NA,NA,1,0,95,"Sickle cell trait"
3,"GBD reporting",616,4,"hemog_g6pd","G6PD deficiency",613,"hemog","294,409,640,613,616",307,"B.12.4.5",1,1,1,NA,0,95,NA,0,95,"G6PD deficiency"
3,"GBD reporting",839,4,"hemog_g6pdtrait","G6PD trait",613,"hemog","294,409,640,613,839",308,"B.12.4.6",1,1,1,NA,NA,NA,1,0,95,"G6PD trait"
3,"GBD reporting",618,4,"hemog_other","Other hemoglobinopathies and hemolytic anemias",613,"hemog","294,409,640,613,618",309,"B.12.4.7",1,1,1,NA,0,95,NA,0,95,"Other hemoglobinopathies and hemolytic anaemias"
3,"GBD reporting",619,3,"endo","Endocrine, metabolic, blood, and immune disorders",640,"_otherncd","294,409,640,619",310,"B.12.5",1,1,1,NA,0,95,NA,0,95,"Endocrine, metabolic, blood, and immune disorders"
3,"GBD reporting",680,3,"_oral","Oral disorders",640,"_otherncd","294,409,640,680",311,"B.12.6",0,1,1,NA,NA,NA,1,1,95,"Oral disorders"
3,"GBD reporting",681,4,"oral_decidcaries","Caries of deciduous teeth",680,"_oral","294,409,640,680,681",312,"B.12.6.1",1,1,1,NA,NA,NA,1,1,10,"Caries of deciduous teeth"
3,"GBD reporting",682,4,"oral_permcaries","Caries of permanent teeth",680,"_oral","294,409,640,680,682",313,"B.12.6.2",1,1,1,NA,NA,NA,1,5,95,"Caries of permanent teeth"
3,"GBD reporting",683,4,"oral_perio","Periodontal diseases",680,"_oral","294,409,640,680,683",314,"B.12.6.3",1,1,1,NA,NA,NA,1,15,95,"Periodontal disease"
3,"GBD reporting",684,4,"oral_edent","Edentulism and severe tooth loss",680,"_oral","294,409,640,680,684",315,"B.12.6.4",1,1,1,NA,NA,NA,1,20,95,"Edentulism and severe tooth loss"
3,"GBD reporting",685,4,"oral_other","Other oral disorders",680,"_oral","294,409,640,680,685",316,"B.12.6.5",1,1,1,NA,NA,NA,1,5,95,"Other oral disorders"
3,"GBD reporting",686,3,"sids","Sudden infant death syndrome",640,"_otherncd","294,409,640,686",317,"B.12.7",1,1,1,1,0.01,0.1,NA,NA,NA,"Sudden infant death syndrome"
3,"GBD reporting",687,1,"_inj","Injuries",294,"_all","294,687",318,"C",0,1,1,NA,0,95,NA,0,95,"Injuries"
3,"GBD reporting",688,2,"inj_trans","Transport injuries",687,"_inj","294,687,688",319,"C.1",0,1,1,NA,0,95,NA,0,95,"Transport injuries"
3,"GBD reporting",689,3,"inj_trans_road","Road injuries",688,"inj_trans","294,687,688,689",320,"C.1.1",0,1,1,NA,0,95,NA,0,95,"Road injuries"
3,"GBD reporting",690,4,"inj_trans_road_pedest","Pedestrian road injuries",689,"inj_trans_road","294,687,688,689,690",321,"C.1.1.1",1,1,1,NA,0,95,NA,0,95,"Pedestrian road injuries"
3,"GBD reporting",691,4,"inj_trans_road_pedal","Cyclist road injuries",689,"inj_trans_road","294,687,688,689,691",322,"C.1.1.2",1,1,1,NA,1,95,NA,1,95,"Cyclist road injuries"
3,"GBD reporting",692,4,"inj_trans_road_2wheel","Motorcyclist road injuries",689,"inj_trans_road","294,687,688,689,692",323,"C.1.1.3",1,1,1,NA,0,95,NA,0,95,"Motorcyclist road injuries"
3,"GBD reporting",693,4,"inj_trans_road_4wheel","Motor vehicle road injuries",689,"inj_trans_road","294,687,688,689,693",324,"C.1.1.4",1,1,1,NA,0,95,NA,0,95,"Motor vehicle road injuries"
3,"GBD reporting",694,4,"inj_trans_road_other","Other road injuries",689,"inj_trans_road","294,687,688,689,694",325,"C.1.1.5",1,1,1,NA,0,95,NA,0,95,"Other road injuries"
3,"GBD reporting",695,3,"inj_trans_other","Other transport injuries",688,"inj_trans","294,687,688,695",326,"C.1.2",1,1,1,NA,0,95,NA,0,95,"Other transport injuries"
3,"GBD reporting",696,2,"_unintent","Unintentional injuries",687,"_inj","294,687,696",327,"C.2",0,1,1,NA,0,95,NA,0,95,"Unintentional injuries"
3,"GBD reporting",697,3,"inj_falls","Falls",696,"_unintent","294,687,696,697",328,"C.2.1",1,1,1,NA,0,95,NA,0,95,"Falls"
3,"GBD reporting",698,3,"inj_drowning","Drowning",696,"_unintent","294,687,696,698",329,"C.2.2",1,1,1,NA,0,95,NA,0,95,"Drowning"
3,"GBD reporting",699,3,"inj_fires","Fire, heat, and hot substances",696,"_unintent","294,687,696,699",330,"C.2.3",1,1,1,NA,0,95,NA,0,95,"Fire, heat, and hot substances"
3,"GBD reporting",700,3,"inj_poisoning","Poisonings",696,"_unintent","294,687,696,700",331,"C.2.4",0,1,1,NA,0,95,NA,0,95,"Poisonings"
3,"GBD reporting",701,4,"inj_poisoning_gas","Poisoning by carbon monoxide",700,"inj_poisoning","294,687,696,700,701",332,"C.2.4.1",1,1,1,NA,0,95,NA,0,95,"Poisoning by carbon monoxide"
3,"GBD reporting",703,4,"inj_poisoning_other","Poisoning by other means",700,"inj_poisoning","294,687,696,700,703",333,"C.2.4.2",1,1,1,NA,0,95,NA,0,95,"Poisoning by other means"
3,"GBD reporting",704,3,"inj_mech","Exposure to mechanical forces",696,"_unintent","294,687,696,704",334,"C.2.5",0,1,1,NA,0,95,NA,0,95,"Exposure to mechanical forces"
3,"GBD reporting",705,4,"inj_mech_gun","Unintentional firearm injuries",704,"inj_mech","294,687,696,704,705",335,"C.2.5.1",1,1,1,NA,0,95,NA,0,95,"Unintentional firearm injuries"
3,"GBD reporting",707,4,"inj_mech_other","Other exposure to mechanical forces",704,"inj_mech","294,687,696,704,707",336,"C.2.5.2",1,1,1,NA,0,95,NA,0,95,"Other exposure to mechanical forces"
3,"GBD reporting",708,3,"inj_medical","Adverse effects of medical treatment",696,"_unintent","294,687,696,708",337,"C.2.6",1,1,1,NA,0,95,NA,0,95,"Adverse effects of medical treatment"
3,"GBD reporting",709,3,"inj_animal","Animal contact",696,"_unintent","294,687,696,709",338,"C.2.7",0,1,1,NA,0,95,NA,0,95,"Animal contact"
3,"GBD reporting",710,4,"inj_animal_venom","Venomous animal contact",709,"inj_animal","294,687,696,709,710",339,"C.2.7.1",1,1,1,NA,0,95,NA,0,95,"Venomous animal contact"
3,"GBD reporting",711,4,"inj_animal_nonven","Non-venomous animal contact",709,"inj_animal","294,687,696,709,711",340,"C.2.7.2",1,1,1,NA,0,95,NA,0,95,"Non-venomous animal contact"
3,"GBD reporting",712,3,"inj_foreign","Foreign body",696,"_unintent","294,687,696,712",341,"C.2.8",0,1,1,NA,0,95,NA,0,95,"Foreign body"
3,"GBD reporting",713,4,"inj_foreign_aspiration","Pulmonary aspiration and foreign body in airway",712,"inj_foreign","294,687,696,712,713",342,"C.2.8.1",1,1,1,NA,0,95,NA,0,95,"Pulmonary aspiration and foreign body in airway"
3,"GBD reporting",714,4,"inj_foreign_eye","Foreign body in eyes",712,"inj_foreign","294,687,696,712,714",343,"C.2.8.2",1,1,1,NA,NA,NA,1,0,95,"Foreign body in eyes"
3,"GBD reporting",715,4,"inj_foreign_other","Foreign body in other body part",712,"inj_foreign","294,687,696,712,715",344,"C.2.8.3",1,1,1,NA,0,95,NA,0,95,"Foreign body in other body part"
3,"GBD reporting",842,3,"inj_non_disaster","Environmental heat and cold exposure",696,"_unintent","294,687,696,842",345,"C.2.9",1,1,1,NA,0,95,NA,0,95,"Environmental heat and cold exposure"
3,"GBD reporting",729,3,"inj_disaster","Exposure to forces of nature",696,"_unintent","294,687,696,729",346,"C.2.10",1,1,1,NA,0,95,NA,0,95,"Exposure to forces of nature"
3,"GBD reporting",716,3,"inj_othunintent","Other unintentional injuries",696,"_unintent","294,687,696,716",347,"C.2.11",1,1,1,NA,0,95,NA,0,95,"Other unintentional injuries"
3,"GBD reporting",717,2,"_intent","Self-harm and interpersonal violence",687,"_inj","294,687,717",348,"C.3",0,1,1,NA,0,95,NA,0,95,"Self-harm and interpersonal violence"
3,"GBD reporting",718,3,"inj_suicide","Self-harm",717,"_intent","294,687,717,718",349,"C.3.1",0,1,1,NA,10,95,NA,10,95,"Self-harm"
3,"GBD reporting",721,4,"inj_suicide_firearm","Self-harm by firearm",718,"inj_suicide","294,687,717,718,721",350,"C.3.1.1",1,1,1,NA,10,95,NA,10,95,"Self-harm by firearm"
3,"GBD reporting",723,4,"inj_suicide_other","Self-harm by other specified means",718,"inj_suicide","294,687,717,718,723",351,"C.3.1.2",1,1,1,NA,10,95,NA,10,95,"Self-harm by other specified means"
3,"GBD reporting",724,3,"inj_homicide","Interpersonal violence",717,"_intent","294,687,717,724",352,"C.3.2",0,1,1,NA,0,95,NA,0,95,"Interpersonal violence"
3,"GBD reporting",725,4,"inj_homicide_gun","Physical violence by firearm",724,"inj_homicide","294,687,717,724,725",353,"C.3.2.1",1,1,1,NA,0,95,NA,0,95,"Assault by firearm"
3,"GBD reporting",726,4,"inj_homicide_knife","Physical violence by sharp object",724,"inj_homicide","294,687,717,724,726",354,"C.3.2.2",1,1,1,NA,0,95,NA,0,95,"Assault by sharp object"
3,"GBD reporting",941,4,"inj_homicide_sexual","Sexual violence",724,"inj_homicide","294,687,717,724,941",355,"C.3.2.3",1,1,1,NA,NA,NA,1,0,95,"Sexual violence"
3,"GBD reporting",727,4,"inj_homicide_other","Physical violence by other means",724,"inj_homicide","294,687,717,724,727",356,"C.3.2.4",1,1,1,NA,0,95,NA,0,95,"Assault by other means"
3,"GBD reporting",945,3,"inj_war_warterror","Conflict and terrorism",717,"_intent","294,687,717,945",357,"C.3.3",1,1,1,NA,0,95,NA,0,95,"Conflict and terrorism"
3,"GBD reporting",854,3,"inj_war_execution","Executions and police conflict",717,"_intent","294,687,717,854",358,"C.3.4",1,1,1,NA,0.1,95,NA,0.1,95,"Executions and police conflict"
