location_set_version_id,location_set_id,location_id,parent_id,path_to_top_parent,level,is_estimate,most_detailed,sort_order,location_name,location_ascii_name,location_name_short,location_type_id,location_type,map_id,super_region_id,super_region_name,region_id,region_name,ihme_loc_id,local_id,developed,start_date,end_date,date_inserted,last_updated,last_updated_by,last_updated_action,lancet_label,numInCount
361,1,101,100,"1,64,100,101",3,1,1,9.0,Canada,Canada,Canada,2,admin0,CAN,64.0,High-income,100.0,High-income North America,CAN,CAN,1,2018-06-15 00:00:00,,2018-06-08 09:49:56,2018-06-08 09:49:56,ferdid06,INSERT,Canada,1
361,1,349,100,"1,64,100,349",3,1,1,10.0,Greenland,Greenland,Greenland,8,nonsovereign,,64.0,High-income,100.0,High-income North America,GRL,GRL,1,2018-06-15 00:00:00,,2018-06-08 09:49:56,2018-06-08 09:49:56,ferdid06,INSERT,Greenland,0
361,1,102,100,"1,64,100,102",3,0,0,11.0,United States,United States,USA,2,admin0,USA,64.0,High-income,100.0,High-income North America,USA,USA,1,2018-06-15 00:00:00,,2018-06-08 09:49:56,2018-06-08 09:49:56,ferdid06,INSERT,United States,8
361,1,71,70,"1,64,70,71",3,1,1,13.0,Australia,Australia,Australia,2,admin0,AUS,64.0,High-income,70.0,Australasia,AUS,AUS,1,2018-06-15 00:00:00,,2018-06-08 09:49:56,2018-06-08 09:49:56,ferdid06,INSERT,Australia,0
361,1,72,70,"1,64,70,72",3,1,1,14.0,New Zealand,New Zealand,New Zealand,2,admin0,NZL,64.0,High-income,70.0,Australasia,NZL,NZL,1,2018-06-15 00:00:00,,2018-06-08 09:49:56,2018-06-08 09:49:56,ferdid06,INSERT,New Zealand,0
361,1,66,65,"1,64,65,66",3,1,1,16.0,Brunei,Brunei,Brunei,2,admin0,BRN,64.0,High-income,65.0,High-income Asia Pacific,BRN,BRN,1,2018-06-15 00:00:00,,2018-06-08 09:49:56,2018-06-08 09:49:56,ferdid06,INSERT,Brunei,0
361,1,67,65,"1,64,65,67",3,0,0,17.0,Japan,Japan,Japan,2,admin0,JPN,64.0,High-income,65.0,High-income Asia Pacific,JPN,JPN,1,2018-06-15 00:00:00,,2018-06-08 09:49:56,2018-06-08 09:49:56,ferdid06,INSERT,Japan,2
361,1,69,65,"1,64,65,69",3,1,1,18.0,Singapore,Singapore,Singapore,2,admin0,SGP,64.0,High-income,65.0,High-income Asia Pacific,SGP,SGP,1,2018-06-15 00:00:00,,2018-06-08 09:49:56,2018-06-08 09:49:56,ferdid06,INSERT,Singapore,0
361,1,68,65,"1,64,65,68",3,1,1,19.0,South Korea,South Korea,S Korea,2,admin0,KOR,64.0,High-income,65.0,High-income Asia Pacific,KOR,KOR,1,2018-06-15 00:00:00,,2018-06-08 09:49:56,2018-06-08 09:49:56,ferdid06,INSERT,South Korea,0
361,1,74,73,"1,64,73,74",3,1,1,21.0,Andorra,Andorra,Andorra,2,admin0,AND,64.0,High-income,73.0,Western Europe,AND,AND,1,2018-06-15 00:00:00,,2018-06-08 09:49:56,2018-06-08 09:49:56,ferdid06,INSERT,Andorra,0
361,1,75,73,"1,64,73,75",3,1,1,22.0,Austria,Austria,Austria,2,admin0,AUT,64.0,High-income,73.0,Western Europe,AUT,AUT,1,2018-06-15 00:00:00,,2018-06-08 09:49:56,2018-06-08 09:49:56,ferdid06,INSERT,Austria,0
361,1,76,73,"1,64,73,76",3,1,1,23.0,Belgium,Belgium,Belgium,2,admin0,BEL,64.0,High-income,73.0,Western Europe,BEL,BEL,1,2018-06-15 00:00:00,,2018-06-08 09:49:56,2018-06-08 09:49:56,ferdid06,INSERT,Belgium,0
361,1,77,73,"1,64,73,77",3,1,1,24.0,Cyprus,Cyprus,Cyprus,2,admin0,CYP,64.0,High-income,73.0,Western Europe,CYP,CYP,1,2018-06-15 00:00:00,,2018-06-08 09:49:56,2018-06-08 09:49:56,ferdid06,INSERT,Cyprus,0
361,1,78,73,"1,64,73,78",3,1,1,25.0,Denmark,Denmark,Denmark,2,admin0,DNK,64.0,High-income,73.0,Western Europe,DNK,DNK,1,2018-06-15 00:00:00,,2018-06-08 09:49:56,2018-06-08 09:49:56,ferdid06,INSERT,Denmark,2
361,1,79,73,"1,64,73,79",3,1,1,26.0,Finland,Finland,Finland,2,admin0,FIN,64.0,High-income,73.0,Western Europe,FIN,FIN,1,2018-06-15 00:00:00,,2018-06-08 09:49:56,2018-06-08 09:49:56,ferdid06,INSERT,Finland,0
361,1,80,73,"1,64,73,80",3,1,1,27.0,France,France,France,2,admin0,FRA,64.0,High-income,73.0,Western Europe,FRA,FRA,1,2018-06-15 00:00:00,,2018-06-08 09:49:56,2018-06-08 09:49:56,ferdid06,INSERT,France,0
361,1,81,73,"1,64,73,81",3,1,1,28.0,Germany,Germany,Germany,2,admin0,DEU,64.0,High-income,73.0,Western Europe,DEU,DEU,1,2018-06-15 00:00:00,,2018-06-08 09:49:56,2018-06-08 09:49:56,ferdid06,INSERT,Germany,0
361,1,82,73,"1,64,73,82",3,1,1,29.0,Greece,Greece,Greece,2,admin0,GRC,64.0,High-income,73.0,Western Europe,GRC,GRC,1,2018-06-15 00:00:00,,2018-06-08 09:49:56,2018-06-08 09:49:56,ferdid06,INSERT,Greece,0
361,1,83,73,"1,64,73,83",3,1,1,30.0,Iceland,Iceland,Iceland,2,admin0,ISL,64.0,High-income,73.0,Western Europe,ISL,ISL,1,2018-06-15 00:00:00,,2018-06-08 09:49:56,2018-06-08 09:49:56,ferdid06,INSERT,Iceland,0
361,1,84,73,"1,64,73,84",3,1,1,31.0,Ireland,Ireland,Ireland,2,admin0,IRL,64.0,High-income,73.0,Western Europe,IRL,IRL,1,2018-06-15 00:00:00,,2018-06-08 09:49:56,2018-06-08 09:49:56,ferdid06,INSERT,Ireland,0
361,1,85,73,"1,64,73,85",3,1,1,32.0,Israel,Israel,Israel,2,admin0,ISR,64.0,High-income,73.0,Western Europe,ISR,ISR,1,2018-06-15 00:00:00,,2018-06-08 09:49:56,2018-06-08 09:49:56,ferdid06,INSERT,Israel,0
361,1,86,73,"1,64,73,86",3,1,1,33.0,Italy,Italy,Italy,2,admin0,ITA,64.0,High-income,73.0,Western Europe,ITA,ITA,1,2018-06-15 00:00:00,,2018-06-08 09:49:56,2018-06-08 09:49:56,ferdid06,INSERT,Italy,0
361,1,87,73,"1,64,73,87",3,1,1,34.0,Luxembourg,Luxembourg,Luxembourg,2,admin0,LUX,64.0,High-income,73.0,Western Europe,LUX,LUX,1,2018-06-15 00:00:00,,2018-06-08 09:49:56,2018-06-08 09:49:56,ferdid06,INSERT,Luxembourg,0
361,1,88,73,"1,64,73,88",3,1,1,35.0,Malta,Malta,Malta,2,admin0,MLT,64.0,High-income,73.0,Western Europe,MLT,MLT,1,2018-06-15 00:00:00,,2018-06-08 09:49:56,2018-06-08 09:49:56,ferdid06,INSERT,Malta,0
361,1,89,73,"1,64,73,89",3,1,1,36.0,Netherlands,Netherlands,Netherlands,2,admin0,NLD,64.0,High-income,73.0,Western Europe,NLD,NLD,1,2018-06-15 00:00:00,,2018-06-08 09:49:56,2018-06-08 09:49:56,ferdid06,INSERT,Netherlands,1
361,1,90,73,"1,64,73,90",3,1,1,37.0,Norway,Norway,Norway,2,admin0,NOR,64.0,High-income,73.0,Western Europe,NOR,NOR,1,2018-06-15 00:00:00,,2018-06-08 09:49:56,2018-06-08 09:49:56,ferdid06,INSERT,Norway,0
361,1,91,73,"1,64,73,91",3,1,1,38.0,Portugal,Portugal,Portugal,2,admin0,PRT,64.0,High-income,73.0,Western Europe,PRT,PRT,1,2018-06-15 00:00:00,,2018-06-08 09:49:56,2018-06-08 09:49:56,ferdid06,INSERT,Portugal,0
361,1,92,73,"1,64,73,92",3,1,1,39.0,Spain,Spain,Spain,2,admin0,ESP,64.0,High-income,73.0,Western Europe,ESP,ESP,1,2018-06-15 00:00:00,,2018-06-08 09:49:56,2018-06-08 09:49:56,ferdid06,INSERT,Spain,0
361,1,93,73,"1,64,73,93",3,0,0,40.0,Sweden,Sweden,Sweden,2,admin0,SWE,64.0,High-income,73.0,Western Europe,SWE,SWE,1,2018-06-15 00:00:00,,2018-06-08 09:49:56,2018-06-08 09:49:56,ferdid06,INSERT,Sweden,0
361,1,94,73,"1,64,73,94",3,1,1,41.0,Switzerland,Switzerland,Switzerland,2,admin0,CHE,64.0,High-income,73.0,Western Europe,CHE,CHE,1,2018-06-15 00:00:00,,2018-06-08 09:49:56,2018-06-08 09:49:56,ferdid06,INSERT,Switzerland,1
361,1,95,73,"1,64,73,95",3,0,0,42.0,United Kingdom,United Kingdom,UK,2,admin0,GBR,64.0,High-income,73.0,Western Europe,GBR,GBR,1,2018-06-15 00:00:00,,2018-06-08 09:49:56,2018-06-08 09:49:56,ferdid06,INSERT,United Kingdom,2
361,1,97,96,"1,64,96,97",3,1,1,48.0,Argentina,Argentina,Argentina,2,admin0,ARG,64.0,High-income,96.0,Southern Latin America,ARG,ARG,0,2018-06-15 00:00:00,,2018-06-08 09:49:56,2018-06-08 09:49:56,ferdid06,INSERT,Argentina,0
361,1,98,96,"1,64,96,98",3,1,1,49.0,Chile,Chile,Chile,2,admin0,CHL,64.0,High-income,96.0,Southern Latin America,CHL,CHL,0,2018-06-15 00:00:00,,2018-06-08 09:49:56,2018-06-08 09:49:56,ferdid06,INSERT,Chile,0
361,1,99,96,"1,64,96,99",3,1,1,50.0,Uruguay,Uruguay,Uruguay,2,admin0,URY,64.0,High-income,96.0,Southern Latin America,URY,URY,0,2018-06-15 00:00:00,,2018-06-08 09:49:56,2018-06-08 09:49:56,ferdid06,INSERT,Uruguay,0
361,1,57,56,"1,31,56,57",3,1,1,53.0,Belarus,Belarus,Belarus,2,admin0,BLR,31.0,"Central Europe, Eastern Europe, and Central Asia",56.0,Eastern Europe,BLR,BLR,1,2018-06-15 00:00:00,,2018-06-08 09:49:56,2018-06-08 09:49:56,ferdid06,INSERT,Belarus,0
361,1,58,56,"1,31,56,58",3,1,1,54.0,Estonia,Estonia,Estonia,2,admin0,EST,31.0,"Central Europe, Eastern Europe, and Central Asia",56.0,Eastern Europe,EST,EST,1,2018-06-15 00:00:00,,2018-06-08 09:49:56,2018-06-08 09:49:56,ferdid06,INSERT,Estonia,0
361,1,59,56,"1,31,56,59",3,1,1,55.0,Latvia,Latvia,Latvia,2,admin0,LVA,31.0,"Central Europe, Eastern Europe, and Central Asia",56.0,Eastern Europe,LVA,LVA,1,2018-06-15 00:00:00,,2018-06-08 09:49:56,2018-06-08 09:49:56,ferdid06,INSERT,Latvia,0
361,1,60,56,"1,31,56,60",3,1,1,56.0,Lithuania,Lithuania,Lithuania,2,admin0,LTU,31.0,"Central Europe, Eastern Europe, and Central Asia",56.0,Eastern Europe,LTU,LTU,1,2018-06-15 00:00:00,,2018-06-08 09:49:56,2018-06-08 09:49:56,ferdid06,INSERT,Lithuania,0
361,1,61,56,"1,31,56,61",3,1,1,57.0,Moldova,Moldova,Moldova,2,admin0,MDA,31.0,"Central Europe, Eastern Europe, and Central Asia",56.0,Eastern Europe,MDA,MDA,1,2018-06-15 00:00:00,,2018-06-08 09:49:56,2018-06-08 09:49:56,ferdid06,INSERT,Moldova,0
361,1,62,56,"1,31,56,62",3,1,1,58.0,Russian Federation,Russian Federation,Russian Federation,2,admin0,RUS,31.0,"Central Europe, Eastern Europe, and Central Asia",56.0,Eastern Europe,RUS,RUS,1,2018-06-15 00:00:00,,2018-06-08 09:49:56,2018-06-08 09:49:56,ferdid06,INSERT,Russia,0
361,1,63,56,"1,31,56,63",3,1,1,59.0,Ukraine,Ukraine,Ukraine,2,admin0,UKR,31.0,"Central Europe, Eastern Europe, and Central Asia",56.0,Eastern Europe,UKR,UKR,1,2018-06-15 00:00:00,,2018-06-08 09:49:56,2018-06-08 09:49:56,ferdid06,INSERT,Ukraine,0
361,1,43,42,"1,31,42,43",3,1,1,61.0,Albania,Albania,Albania,2,admin0,ALB,31.0,"Central Europe, Eastern Europe, and Central Asia",42.0,Central Europe,ALB,ALB,1,2018-06-15 00:00:00,,2018-06-08 09:49:56,2018-06-08 09:49:56,ferdid06,INSERT,Albania,0
361,1,44,42,"1,31,42,44",3,1,1,62.0,Bosnia and Herzegovina,Bosnia and Herzegovina,Bosnia,2,admin0,BIH,31.0,"Central Europe, Eastern Europe, and Central Asia",42.0,Central Europe,BIH,BIH,1,2018-06-15 00:00:00,,2018-06-08 09:49:56,2018-06-08 09:49:56,ferdid06,INSERT,Bosnia and Herzegovina,0
361,1,45,42,"1,31,42,45",3,1,1,63.0,Bulgaria,Bulgaria,Bulgaria,2,admin0,BGR,31.0,"Central Europe, Eastern Europe, and Central Asia",42.0,Central Europe,BGR,BGR,1,2018-06-15 00:00:00,,2018-06-08 09:49:56,2018-06-08 09:49:56,ferdid06,INSERT,Bulgaria,0
361,1,46,42,"1,31,42,46",3,1,1,64.0,Croatia,Croatia,Croatia,2,admin0,HRV,31.0,"Central Europe, Eastern Europe, and Central Asia",42.0,Central Europe,HRV,HRV,1,2018-06-15 00:00:00,,2018-06-08 09:49:56,2018-06-08 09:49:56,ferdid06,INSERT,Croatia,0
361,1,47,42,"1,31,42,47",3,1,1,65.0,Czech Republic,Czech Republic,Czech,2,admin0,CZE,31.0,"Central Europe, Eastern Europe, and Central Asia",42.0,Central Europe,CZE,CZE,1,2018-06-15 00:00:00,,2018-06-08 09:49:56,2018-06-08 09:49:56,ferdid06,INSERT,Czech Republic,0
361,1,48,42,"1,31,42,48",3,1,1,66.0,Hungary,Hungary,Hungary,2,admin0,HUN,31.0,"Central Europe, Eastern Europe, and Central Asia",42.0,Central Europe,HUN,HUN,1,2018-06-15 00:00:00,,2018-06-08 09:49:56,2018-06-08 09:49:56,ferdid06,INSERT,Hungary,0
361,1,49,42,"1,31,42,49",3,1,1,67.0,Macedonia,Macedonia,Macedonia,2,admin0,MKD,31.0,"Central Europe, Eastern Europe, and Central Asia",42.0,Central Europe,MKD,MKD,1,2018-06-15 00:00:00,,2018-06-08 09:49:56,2018-06-08 09:49:56,ferdid06,INSERT,Macedonia,0
361,1,50,42,"1,31,42,50",3,1,1,68.0,Montenegro,Montenegro,Montenegro,2,admin0,MNE,31.0,"Central Europe, Eastern Europe, and Central Asia",42.0,Central Europe,MNE,MNE,1,2018-06-15 00:00:00,,2018-06-08 09:49:56,2018-06-08 09:49:56,ferdid06,INSERT,Montenegro,0
361,1,51,42,"1,31,42,51",3,1,1,69.0,Poland,Poland,Poland,2,admin0,POL,31.0,"Central Europe, Eastern Europe, and Central Asia",42.0,Central Europe,POL,POL,1,2018-06-15 00:00:00,,2018-06-08 09:49:56,2018-06-08 09:49:56,ferdid06,INSERT,Poland,0
361,1,52,42,"1,31,42,52",3,1,1,70.0,Romania,Romania,Romania,2,admin0,ROU,31.0,"Central Europe, Eastern Europe, and Central Asia",42.0,Central Europe,ROU,ROU,1,2018-06-15 00:00:00,,2018-06-08 09:49:56,2018-06-08 09:49:56,ferdid06,INSERT,Romania,0
361,1,53,42,"1,31,42,53",3,1,1,71.0,Serbia,Serbia,Serbia,2,admin0,SRB,31.0,"Central Europe, Eastern Europe, and Central Asia",42.0,Central Europe,SRB,SRB,1,2018-06-15 00:00:00,,2018-06-08 09:49:56,2018-06-08 09:49:56,ferdid06,INSERT,Serbia,0
361,1,54,42,"1,31,42,54",3,1,1,72.0,Slovakia,Slovakia,Slovakia,2,admin0,SVK,31.0,"Central Europe, Eastern Europe, and Central Asia",42.0,Central Europe,SVK,SVK,1,2018-06-15 00:00:00,,2018-06-08 09:49:56,2018-06-08 09:49:56,ferdid06,INSERT,Slovakia,0
361,1,55,42,"1,31,42,55",3,1,1,73.0,Slovenia,Slovenia,Slovenia,2,admin0,SVN,31.0,"Central Europe, Eastern Europe, and Central Asia",42.0,Central Europe,SVN,SVN,1,2018-06-15 00:00:00,,2018-06-08 09:49:56,2018-06-08 09:49:56,ferdid06,INSERT,Slovenia,0
361,1,33,32,"1,31,32,33",3,1,1,75.0,Armenia,Armenia,Armenia,2,admin0,ARM,31.0,"Central Europe, Eastern Europe, and Central Asia",32.0,Central Asia,ARM,ARM,0,2018-06-15 00:00:00,,2018-06-08 09:49:56,2018-06-08 09:49:56,ferdid06,INSERT,Armenia,0
361,1,34,32,"1,31,32,34",3,1,1,76.0,Azerbaijan,Azerbaijan,Azerbaijan,2,admin0,AZE,31.0,"Central Europe, Eastern Europe, and Central Asia",32.0,Central Asia,AZE,AZE,0,2018-06-15 00:00:00,,2018-06-08 09:49:56,2018-06-08 09:49:56,ferdid06,INSERT,Azerbaijan,0
361,1,35,32,"1,31,32,35",3,1,1,77.0,Georgia,Georgia,Georgia,2,admin0,GEO,31.0,"Central Europe, Eastern Europe, and Central Asia",32.0,Central Asia,GEO,GEO,0,2018-06-15 00:00:00,,2018-06-08 09:49:56,2018-06-08 09:49:56,ferdid06,INSERT,Georgia,0
361,1,36,32,"1,31,32,36",3,1,1,78.0,Kazakhstan,Kazakhstan,Kazakhstan,2,admin0,KAZ,31.0,"Central Europe, Eastern Europe, and Central Asia",32.0,Central Asia,KAZ,KAZ,0,2018-06-15 00:00:00,,2018-06-08 09:49:56,2018-06-08 09:49:56,ferdid06,INSERT,Kazakhstan,0
361,1,37,32,"1,31,32,37",3,1,1,79.0,Kyrgyzstan,Kyrgyzstan,Kyrgyzstan,2,admin0,KGZ,31.0,"Central Europe, Eastern Europe, and Central Asia",32.0,Central Asia,KGZ,KGZ,0,2018-06-15 00:00:00,,2018-06-08 09:49:56,2018-06-08 09:49:56,ferdid06,INSERT,Kyrgyzstan,0
361,1,38,32,"1,31,32,38",3,1,1,80.0,Mongolia,Mongolia,Mongolia,2,admin0,MNG,31.0,"Central Europe, Eastern Europe, and Central Asia",32.0,Central Asia,MNG,MNG,0,2018-06-15 00:00:00,,2018-06-08 09:49:56,2018-06-08 09:49:56,ferdid06,INSERT,Mongolia,0
361,1,39,32,"1,31,32,39",3,1,1,81.0,Tajikistan,Tajikistan,Tajikistan,2,admin0,TJK,31.0,"Central Europe, Eastern Europe, and Central Asia",32.0,Central Asia,TJK,TJK,0,2018-06-15 00:00:00,,2018-06-08 09:49:56,2018-06-08 09:49:56,ferdid06,INSERT,Tajikistan,0
361,1,40,32,"1,31,32,40",3,1,1,82.0,Turkmenistan,Turkmenistan,Turkmenistan,2,admin0,TKM,31.0,"Central Europe, Eastern Europe, and Central Asia",32.0,Central Asia,TKM,TKM,0,2018-06-15 00:00:00,,2018-06-08 09:49:56,2018-06-08 09:49:56,ferdid06,INSERT,Turkmenistan,0
361,1,41,32,"1,31,32,41",3,1,1,83.0,Uzbekistan,Uzbekistan,Uzbekistan,2,admin0,UZB,31.0,"Central Europe, Eastern Europe, and Central Asia",32.0,Central Asia,UZB,UZB,0,2018-06-15 00:00:00,,2018-06-08 09:49:56,2018-06-08 09:49:56,ferdid06,INSERT,Uzbekistan,0
361,1,125,124,"1,103,124,125",3,1,1,86.0,Colombia,Colombia,Colombia,2,admin0,COL,103.0,Latin America and Caribbean,124.0,Central Latin America,COL,COL,0,2018-06-15 00:00:00,,2018-06-08 09:49:57,2018-06-08 09:49:57,ferdid06,INSERT,Colombia,0
361,1,126,124,"1,103,124,126",3,1,1,87.0,Costa Rica,Costa Rica,Costa Rica,2,admin0,CRI,103.0,Latin America and Caribbean,124.0,Central Latin America,CRI,CRI,0,2018-06-15 00:00:00,,2018-06-08 09:49:57,2018-06-08 09:49:57,ferdid06,INSERT,Costa Rica,0
361,1,127,124,"1,103,124,127",3,1,1,88.0,El Salvador,El Salvador,El Salvador,2,admin0,SLV,103.0,Latin America and Caribbean,124.0,Central Latin America,SLV,SLV,0,2018-06-15 00:00:00,,2018-06-08 09:49:57,2018-06-08 09:49:57,ferdid06,INSERT,El Salvador,0
361,1,128,124,"1,103,124,128",3,1,1,89.0,Guatemala,Guatemala,Guatemala,2,admin0,GTM,103.0,Latin America and Caribbean,124.0,Central Latin America,GTM,GTM,0,2018-06-15 00:00:00,,2018-06-08 09:49:57,2018-06-08 09:49:57,ferdid06,INSERT,Guatemala,0
361,1,129,124,"1,103,124,129",3,1,1,90.0,Honduras,Honduras,Honduras,2,admin0,HND,103.0,Latin America and Caribbean,124.0,Central Latin America,HND,HND,0,2018-06-15 00:00:00,,2018-06-08 09:49:57,2018-06-08 09:49:57,ferdid06,INSERT,Honduras,0
361,1,130,124,"1,103,124,130",3,0,0,91.0,Mexico,Mexico,Mexico,2,admin0,MEX,103.0,Latin America and Caribbean,124.0,Central Latin America,MEX,MEX,0,2018-06-15 00:00:00,,2018-06-08 09:49:57,2018-06-08 09:49:57,ferdid06,INSERT,Mexico,7
361,1,131,124,"1,103,124,131",3,1,1,92.0,Nicaragua,Nicaragua,Nicaragua,2,admin0,NIC,103.0,Latin America and Caribbean,124.0,Central Latin America,NIC,NIC,0,2018-06-15 00:00:00,,2018-06-08 09:49:57,2018-06-08 09:49:57,ferdid06,INSERT,Nicaragua,0
361,1,132,124,"1,103,124,132",3,1,1,93.0,Panama,Panama,Panama,2,admin0,PAN,103.0,Latin America and Caribbean,124.0,Central Latin America,PAN,PAN,0,2018-06-15 00:00:00,,2018-06-08 09:49:57,2018-06-08 09:49:57,ferdid06,INSERT,Panama,0
361,1,133,124,"1,103,124,133",3,1,1,94.0,Venezuela,Venezuela,Venezuela,2,admin0,VEN,103.0,Latin America and Caribbean,124.0,Central Latin America,VEN,VEN,0,2018-06-15 00:00:00,,2018-06-08 09:49:57,2018-06-08 09:49:57,ferdid06,INSERT,Venezuela,0
361,1,121,120,"1,103,120,121",3,1,1,96.0,Bolivia,Bolivia,Bolivia,2,admin0,BOL,103.0,Latin America and Caribbean,120.0,Andean Latin America,BOL,BOL,0,2018-06-15 00:00:00,,2018-06-08 09:49:57,2018-06-08 09:49:57,ferdid06,INSERT,Bolivia,0
361,1,122,120,"1,103,120,122",3,1,1,97.0,Ecuador,Ecuador,Ecuador,2,admin0,ECU,103.0,Latin America and Caribbean,120.0,Andean Latin America,ECU,ECU,0,2018-06-15 00:00:00,,2018-06-08 09:49:57,2018-06-08 09:49:57,ferdid06,INSERT,Ecuador,0
361,1,123,120,"1,103,120,123",3,1,1,98.0,Peru,Peru,Peru,2,admin0,PER,103.0,Latin America and Caribbean,120.0,Andean Latin America,PER,PER,0,2018-06-15 00:00:00,,2018-06-08 09:49:57,2018-06-08 09:49:57,ferdid06,INSERT,Peru,0
361,1,105,104,"1,103,104,105",3,1,1,100.0,Antigua and Barbuda,Antigua and Barbuda,Antigua,2,admin0,ATG,103.0,Latin America and Caribbean,104.0,Caribbean,ATG,ATG,0,2018-06-15 00:00:00,,2018-06-08 09:49:57,2018-06-08 09:49:57,ferdid06,INSERT,Antigua and Barbuda,0
361,1,106,104,"1,103,104,106",3,1,1,101.0,The Bahamas,The Bahamas,Bahamas,2,admin0,BHS,103.0,Latin America and Caribbean,104.0,Caribbean,BHS,BHS,0,2018-06-15 00:00:00,,2018-06-08 09:49:57,2018-06-08 09:49:57,ferdid06,INSERT,The Bahamas,0
361,1,107,104,"1,103,104,107",3,1,1,102.0,Barbados,Barbados,Barbados,2,admin0,BRB,103.0,Latin America and Caribbean,104.0,Caribbean,BRB,BRB,0,2018-06-15 00:00:00,,2018-06-08 09:49:57,2018-06-08 09:49:57,ferdid06,INSERT,Barbados,0
361,1,108,104,"1,103,104,108",3,1,1,103.0,Belize,Belize,Belize,2,admin0,BLZ,103.0,Latin America and Caribbean,104.0,Caribbean,BLZ,BLZ,0,2018-06-15 00:00:00,,2018-06-08 09:49:57,2018-06-08 09:49:57,ferdid06,INSERT,Belize,0
361,1,305,104,"1,103,104,305",3,1,1,104.0,Bermuda,Bermuda,Bermuda,8,nonsovereign,,103.0,Latin America and Caribbean,104.0,Caribbean,BMU,BMU,0,2018-06-15 00:00:00,,2018-06-08 09:49:57,2018-06-08 09:49:57,ferdid06,INSERT,Bermuda,0
361,1,109,104,"1,103,104,109",3,1,1,105.0,Cuba,Cuba,Cuba,2,admin0,CUB,103.0,Latin America and Caribbean,104.0,Caribbean,CUB,CUB,0,2018-06-15 00:00:00,,2018-06-08 09:49:57,2018-06-08 09:49:57,ferdid06,INSERT,Cuba,0
361,1,110,104,"1,103,104,110",3,1,1,106.0,Dominica,Dominica,Dominica,2,admin0,DMA,103.0,Latin America and Caribbean,104.0,Caribbean,DMA,DMA,0,2018-06-15 00:00:00,,2018-06-08 09:49:57,2018-06-08 09:49:57,ferdid06,INSERT,Dominica,0
361,1,111,104,"1,103,104,111",3,1,1,107.0,Dominican Republic,Dominican Republic,Dominican Rep,2,admin0,DOM,103.0,Latin America and Caribbean,104.0,Caribbean,DOM,DOM,0,2018-06-15 00:00:00,,2018-06-08 09:49:57,2018-06-08 09:49:57,ferdid06,INSERT,Dominican Republic,0
361,1,112,104,"1,103,104,112",3,1,1,108.0,Grenada,Grenada,Grenada,2,admin0,GRD,103.0,Latin America and Caribbean,104.0,Caribbean,GRD,GRD,0,2018-06-15 00:00:00,,2018-06-08 09:49:57,2018-06-08 09:49:57,ferdid06,INSERT,Grenada,0
361,1,113,104,"1,103,104,113",3,1,1,109.0,Guyana,Guyana,Guyana,2,admin0,GUY,103.0,Latin America and Caribbean,104.0,Caribbean,GUY,GUY,0,2018-06-15 00:00:00,,2018-06-08 09:49:57,2018-06-08 09:49:57,ferdid06,INSERT,Guyana,0
361,1,114,104,"1,103,104,114",3,1,1,110.0,Haiti,Haiti,Haiti,2,admin0,HTI,103.0,Latin America and Caribbean,104.0,Caribbean,HTI,HTI,0,2018-06-15 00:00:00,,2018-06-08 09:49:57,2018-06-08 09:49:57,ferdid06,INSERT,Haiti,0
361,1,115,104,"1,103,104,115",3,1,1,111.0,Jamaica,Jamaica,Jamaica,2,admin0,JAM,103.0,Latin America and Caribbean,104.0,Caribbean,JAM,JAM,0,2018-06-15 00:00:00,,2018-06-08 09:49:57,2018-06-08 09:49:57,ferdid06,INSERT,Jamaica,0
361,1,385,104,"1,103,104,385",3,1,1,112.0,Puerto Rico,Puerto Rico,Puerto Rico,8,nonsovereign,,103.0,Latin America and Caribbean,104.0,Caribbean,PRI,PRI,1,2018-06-15 00:00:00,,2018-06-08 09:49:57,2018-06-08 09:49:57,ferdid06,INSERT,Puerto Rico,0
361,1,116,104,"1,103,104,116",3,1,1,113.0,Saint Lucia,Saint Lucia,St Lucia,2,admin0,LCA,103.0,Latin America and Caribbean,104.0,Caribbean,LCA,LCA,0,2018-06-15 00:00:00,,2018-06-08 09:49:57,2018-06-08 09:49:57,ferdid06,INSERT,Saint Lucia,0
361,1,117,104,"1,103,104,117",3,1,1,114.0,Saint Vincent and the Grenadines,Saint Vincent and the Grenadines,St Vincent,2,admin0,VCT,103.0,Latin America and Caribbean,104.0,Caribbean,VCT,VCT,0,2018-06-15 00:00:00,,2018-06-08 09:49:57,2018-06-08 09:49:57,ferdid06,INSERT,Saint Vincent and the Grenadines,0
361,1,118,104,"1,103,104,118",3,1,1,115.0,Suriname,Suriname,Suriname,2,admin0,SUR,103.0,Latin America and Caribbean,104.0,Caribbean,SUR,SUR,0,2018-06-15 00:00:00,,2018-06-08 09:49:57,2018-06-08 09:49:57,ferdid06,INSERT,Suriname,0
361,1,119,104,"1,103,104,119",3,1,1,116.0,Trinidad and Tobago,Trinidad and Tobago,Trinidad Tobago,2,admin0,TTO,103.0,Latin America and Caribbean,104.0,Caribbean,TTO,TTO,0,2018-06-15 00:00:00,,2018-06-08 09:49:57,2018-06-08 09:49:57,ferdid06,INSERT,Trinidad and Tobago,0
361,1,422,104,"1,103,104,422",3,1,1,117.0,"Virgin Islands, U.S.","Virgin Islands, U.S.",Virgin Isl US,8,nonsovereign,,103.0,Latin America and Caribbean,104.0,Caribbean,VIR,VIR,0,2018-06-15 00:00:00,,2018-06-08 09:49:57,2018-06-08 09:49:57,ferdid06,INSERT,"Virgin Islands, U.S.",0
361,1,135,134,"1,103,134,135",3,0,1,119.0,Brazil,Brazil,Brazil,2,admin0,BRA,103.0,Latin America and Caribbean,134.0,Tropical Latin America,BRA,BRA,0,2018-06-15 00:00:00,,2018-06-08 09:49:57,2018-06-08 09:49:57,ferdid06,INSERT,Brazil,0
361,1,136,134,"1,103,134,136",3,1,1,120.0,Paraguay,Paraguay,Paraguay,2,admin0,PRY,103.0,Latin America and Caribbean,134.0,Tropical Latin America,PRY,PRY,0,2018-06-15 00:00:00,,2018-06-08 09:49:57,2018-06-08 09:49:57,ferdid06,INSERT,Paraguay,0
361,1,6,5,"1,4,5,6",3,0,1,123.0,China,China,China,2,admin0,CHN,4.0,"Southeast Asia, East Asia, and Oceania",5.0,East Asia,CHN,CHN,0,2018-06-15 00:00:00,,2018-06-08 09:49:57,2018-06-08 09:49:57,ferdid06,INSERT,China,0
361,1,7,5,"1,4,5,7",3,1,1,124.0,North Korea,North Korea,N Korea,2,admin0,PRK,4.0,"Southeast Asia, East Asia, and Oceania",5.0,East Asia,PRK,PRK,0,2018-06-15 00:00:00,,2018-06-08 09:49:57,2018-06-08 09:49:57,ferdid06,INSERT,North Korea,0
361,1,8,5,"1,4,5,8",3,1,1,125.0,Taiwan,Taiwan,Taiwan,2,admin0,71000000,4.0,"Southeast Asia, East Asia, and Oceania",5.0,East Asia,TWN,TWN,0,2018-06-15 00:00:00,,2018-06-08 09:49:57,2018-06-08 09:49:57,ferdid06,INSERT,Taiwan,0
361,1,10,9,"1,4,9,10",3,1,1,127.0,Cambodia,Cambodia,Cambodia,2,admin0,KHM,4.0,"Southeast Asia, East Asia, and Oceania",9.0,Southeast Asia,KHM,KHM,0,2018-06-15 00:00:00,,2018-06-08 09:49:57,2018-06-08 09:49:57,ferdid06,INSERT,Cambodia,0
361,1,11,9,"1,4,9,11",3,1,1,128.0,Indonesia,Indonesia,Indonesia,2,admin0,IDN,4.0,"Southeast Asia, East Asia, and Oceania",9.0,Southeast Asia,IDN,IDN,0,2018-06-15 00:00:00,,2018-06-08 09:49:57,2018-06-08 09:49:57,ferdid06,INSERT,Indonesia,0
361,1,12,9,"1,4,9,12",3,1,1,129.0,Laos,Laos,Laos,2,admin0,LAO,4.0,"Southeast Asia, East Asia, and Oceania",9.0,Southeast Asia,LAO,LAO,0,2018-06-15 00:00:00,,2018-06-08 09:49:57,2018-06-08 09:49:57,ferdid06,INSERT,Laos,0
361,1,13,9,"1,4,9,13",3,1,1,130.0,Malaysia,Malaysia,Malaysia,2,admin0,MYS,4.0,"Southeast Asia, East Asia, and Oceania",9.0,Southeast Asia,MYS,MYS,0,2018-06-15 00:00:00,,2018-06-08 09:49:57,2018-06-08 09:49:57,ferdid06,INSERT,Malaysia,0
361,1,14,9,"1,4,9,14",3,1,1,131.0,Maldives,Maldives,Maldives,2,admin0,MDV,4.0,"Southeast Asia, East Asia, and Oceania",9.0,Southeast Asia,MDV,MDV,0,2018-06-15 00:00:00,,2018-06-08 09:49:57,2018-06-08 09:49:57,ferdid06,INSERT,Maldives,0
361,1,183,9,"1,4,9,183",3,1,1,132.0,Mauritius,Mauritius,Mauritius,2,admin0,MUS,4.0,"Southeast Asia, East Asia, and Oceania",9.0,Southeast Asia,MUS,MUS,0,2018-06-15 00:00:00,,2018-06-08 09:49:57,2018-06-08 09:49:57,ferdid06,INSERT,Mauritius,0
361,1,15,9,"1,4,9,15",3,1,1,133.0,Myanmar,Myanmar,Myanmar,2,admin0,MMR,4.0,"Southeast Asia, East Asia, and Oceania",9.0,Southeast Asia,MMR,MMR,0,2018-06-15 00:00:00,,2018-06-08 09:49:57,2018-06-08 09:49:57,ferdid06,INSERT,Myanmar,0
361,1,16,9,"1,4,9,16",3,1,1,134.0,Philippines,Philippines,Philippines,2,admin0,PHL,4.0,"Southeast Asia, East Asia, and Oceania",9.0,Southeast Asia,PHL,PHL,0,2018-06-15 00:00:00,,2018-06-08 09:49:57,2018-06-08 09:49:57,ferdid06,INSERT,Philippines,0
361,1,17,9,"1,4,9,17",3,1,1,135.0,Sri Lanka,Sri Lanka,Sri Lanka,2,admin0,LKA,4.0,"Southeast Asia, East Asia, and Oceania",9.0,Southeast Asia,LKA,LKA,0,2018-06-15 00:00:00,,2018-06-08 09:49:57,2018-06-08 09:49:57,ferdid06,INSERT,Sri Lanka,1
361,1,186,9,"1,4,9,186",3,1,1,136.0,Seychelles,Seychelles,Seychelles,2,admin0,SYC,4.0,"Southeast Asia, East Asia, and Oceania",9.0,Southeast Asia,SYC,SYC,0,2018-06-15 00:00:00,,2018-06-08 09:49:57,2018-06-08 09:49:57,ferdid06,INSERT,Seychelles,0
361,1,18,9,"1,4,9,18",3,1,1,137.0,Thailand,Thailand,Thailand,2,admin0,THA,4.0,"Southeast Asia, East Asia, and Oceania",9.0,Southeast Asia,THA,THA,0,2018-06-15 00:00:00,,2018-06-08 09:49:57,2018-06-08 09:49:57,ferdid06,INSERT,Thailand,0
361,1,19,9,"1,4,9,19",3,1,1,138.0,Timor-Leste,Timor-Leste,Timor-Leste,2,admin0,TLS,4.0,"Southeast Asia, East Asia, and Oceania",9.0,Southeast Asia,TLS,TLS,0,2018-06-15 00:00:00,,2018-06-08 09:49:57,2018-06-08 09:49:57,ferdid06,INSERT,Timor-Leste,0
361,1,20,9,"1,4,9,20",3,1,1,139.0,Vietnam,Vietnam,Vietnam,2,admin0,VNM,4.0,"Southeast Asia, East Asia, and Oceania",9.0,Southeast Asia,VNM,VNM,0,2018-06-15 00:00:00,,2018-06-08 09:49:57,2018-06-08 09:49:57,ferdid06,INSERT,Vietnam,1
361,1,298,21,"1,4,21,298",3,1,1,141.0,American Samoa,American Samoa,Am Samoa,8,nonsovereign,,4.0,"Southeast Asia, East Asia, and Oceania",21.0,Oceania,ASM,ASM,0,2018-06-15 00:00:00,,2018-06-08 09:49:57,2018-06-08 09:49:57,ferdid06,INSERT,American Samoa,0
361,1,25,21,"1,4,21,25",3,1,1,142.0,Federated States of Micronesia,Federated States of Micronesia,Micronesia,2,admin0,FSM,4.0,"Southeast Asia, East Asia, and Oceania",21.0,Oceania,FSM,FSM,0,2018-06-15 00:00:00,,2018-06-08 09:49:57,2018-06-08 09:49:57,ferdid06,INSERT,Federated States of Micronesia,0
361,1,22,21,"1,4,21,22",3,1,1,143.0,Fiji,Fiji,Fiji,2,admin0,FJI,4.0,"Southeast Asia, East Asia, and Oceania",21.0,Oceania,FJI,FJI,0,2018-06-15 00:00:00,,2018-06-08 09:49:57,2018-06-08 09:49:57,ferdid06,INSERT,Fiji,0
361,1,351,21,"1,4,21,351",3,1,1,144.0,Guam,Guam,Guam,8,nonsovereign,,4.0,"Southeast Asia, East Asia, and Oceania",21.0,Oceania,GUM,GUM,0,2018-06-15 00:00:00,,2018-06-08 09:49:57,2018-06-08 09:49:57,ferdid06,INSERT,Guam,0
361,1,23,21,"1,4,21,23",3,1,1,145.0,Kiribati,Kiribati,Kiribati,2,admin0,KIR,4.0,"Southeast Asia, East Asia, and Oceania",21.0,Oceania,KIR,KIR,0,2018-06-15 00:00:00,,2018-06-08 09:49:57,2018-06-08 09:49:57,ferdid06,INSERT,Kiribati,0
361,1,24,21,"1,4,21,24",3,1,1,146.0,Marshall Islands,Marshall Islands,Marshall,2,admin0,MHL,4.0,"Southeast Asia, East Asia, and Oceania",21.0,Oceania,MHL,MHL,0,2018-06-15 00:00:00,,2018-06-08 09:49:57,2018-06-08 09:49:57,ferdid06,INSERT,Marshall Islands,0
361,1,376,21,"1,4,21,376",3,1,1,147.0,Northern Mariana Islands,Northern Mariana Islands,N Mariana,8,nonsovereign,,4.0,"Southeast Asia, East Asia, and Oceania",21.0,Oceania,MNP,MNP,0,2018-06-15 00:00:00,,2018-06-08 09:49:57,2018-06-08 09:49:57,ferdid06,INSERT,Northern Mariana Islands,0
361,1,26,21,"1,4,21,26",3,1,1,148.0,Papua New Guinea,Papua New Guinea,PNG,2,admin0,PNG,4.0,"Southeast Asia, East Asia, and Oceania",21.0,Oceania,PNG,PNG,0,2018-06-15 00:00:00,,2018-06-08 09:49:57,2018-06-08 09:49:57,ferdid06,INSERT,Papua New Guinea,0
361,1,27,21,"1,4,21,27",3,1,1,149.0,Samoa,Samoa,Samoa,2,admin0,WSM,4.0,"Southeast Asia, East Asia, and Oceania",21.0,Oceania,WSM,WSM,0,2018-06-15 00:00:00,,2018-06-08 09:49:57,2018-06-08 09:49:57,ferdid06,INSERT,Samoa,0
361,1,28,21,"1,4,21,28",3,1,1,150.0,Solomon Islands,Solomon Islands,Solomon,2,admin0,SLB,4.0,"Southeast Asia, East Asia, and Oceania",21.0,Oceania,SLB,SLB,0,2018-06-15 00:00:00,,2018-06-08 09:49:57,2018-06-08 09:49:57,ferdid06,INSERT,Solomon Islands,0
361,1,29,21,"1,4,21,29",3,1,1,151.0,Tonga,Tonga,Tonga,2,admin0,TON,4.0,"Southeast Asia, East Asia, and Oceania",21.0,Oceania,TON,TON,0,2018-06-15 00:00:00,,2018-06-08 09:49:57,2018-06-08 09:49:57,ferdid06,INSERT,Tonga,0
361,1,30,21,"1,4,21,30",3,1,1,152.0,Vanuatu,Vanuatu,Vanuatu,2,admin0,VUT,4.0,"Southeast Asia, East Asia, and Oceania",21.0,Oceania,VUT,VUT,0,2018-06-15 00:00:00,,2018-06-08 09:49:57,2018-06-08 09:49:57,ferdid06,INSERT,Vanuatu,0
361,1,160,138,"1,137,138,160",3,1,1,155.0,Afghanistan,Afghanistan,Afghanistan,2,admin0,AFG,137.0,North Africa and Middle East,138.0,North Africa and Middle East,AFG,AFG,0,2018-06-15 00:00:00,,2018-06-08 09:49:57,2018-06-08 09:49:57,ferdid06,INSERT,Afghanistan,0
361,1,139,138,"1,137,138,139",3,1,1,156.0,Algeria,Algeria,Algeria,2,admin0,DZA,137.0,North Africa and Middle East,138.0,North Africa and Middle East,DZA,DZA,0,2018-06-15 00:00:00,,2018-06-08 09:49:57,2018-06-08 09:49:57,ferdid06,INSERT,Algeria,0
361,1,140,138,"1,137,138,140",3,1,1,157.0,Bahrain,Bahrain,Bahrain,2,admin0,BHR,137.0,North Africa and Middle East,138.0,North Africa and Middle East,BHR,BHR,0,2018-06-15 00:00:00,,2018-06-08 09:49:57,2018-06-08 09:49:57,ferdid06,INSERT,Bahrain,0
361,1,141,138,"1,137,138,141",3,1,1,158.0,Egypt,Egypt,Egypt,2,admin0,EGY,137.0,North Africa and Middle East,138.0,North Africa and Middle East,EGY,EGY,0,2018-06-15 00:00:00,,2018-06-08 09:49:57,2018-06-08 09:49:57,ferdid06,INSERT,Egypt,0
361,1,142,138,"1,137,138,142",3,1,1,159.0,Iran,Iran,Iran,2,admin0,IRN,137.0,North Africa and Middle East,138.0,North Africa and Middle East,IRN,IRN,0,2018-06-15 00:00:00,,2018-06-08 09:49:57,2018-06-08 09:49:57,ferdid06,INSERT,Iran,10
361,1,143,138,"1,137,138,143",3,1,1,160.0,Iraq,Iraq,Iraq,2,admin0,IRQ,137.0,North Africa and Middle East,138.0,North Africa and Middle East,IRQ,IRQ,0,2018-06-15 00:00:00,,2018-06-08 09:49:57,2018-06-08 09:49:57,ferdid06,INSERT,Iraq,0
361,1,144,138,"1,137,138,144",3,1,1,161.0,Jordan,Jordan,Jordan,2,admin0,JOR,137.0,North Africa and Middle East,138.0,North Africa and Middle East,JOR,JOR,0,2018-06-15 00:00:00,,2018-06-08 09:49:57,2018-06-08 09:49:57,ferdid06,INSERT,Jordan,0
361,1,145,138,"1,137,138,145",3,1,1,162.0,Kuwait,Kuwait,Kuwait,2,admin0,KWT,137.0,North Africa and Middle East,138.0,North Africa and Middle East,KWT,KWT,0,2018-06-15 00:00:00,,2018-06-08 09:49:57,2018-06-08 09:49:57,ferdid06,INSERT,Kuwait,0
361,1,146,138,"1,137,138,146",3,1,1,163.0,Lebanon,Lebanon,Lebanon,2,admin0,LBN,137.0,North Africa and Middle East,138.0,North Africa and Middle East,LBN,LBN,0,2018-06-15 00:00:00,,2018-06-08 09:49:57,2018-06-08 09:49:57,ferdid06,INSERT,Lebanon,0
361,1,147,138,"1,137,138,147",3,1,1,164.0,Libya,Libya,Libya,2,admin0,LBY,137.0,North Africa and Middle East,138.0,North Africa and Middle East,LBY,LBY,0,2018-06-15 00:00:00,,2018-06-08 09:49:57,2018-06-08 09:49:57,ferdid06,INSERT,Libya,0
361,1,148,138,"1,137,138,148",3,1,1,165.0,Morocco,Morocco,Morocco,2,admin0,MAR,137.0,North Africa and Middle East,138.0,North Africa and Middle East,MAR,MAR,0,2018-06-15 00:00:00,,2018-06-08 09:49:57,2018-06-08 09:49:57,ferdid06,INSERT,Morocco,0
361,1,149,138,"1,137,138,149",3,1,1,166.0,Palestine,Palestine,Palestine,2,admin0,PSE,137.0,North Africa and Middle East,138.0,North Africa and Middle East,PSE,PSE,0,2018-06-15 00:00:00,,2018-06-08 09:49:57,2018-06-08 09:49:57,ferdid06,INSERT,Palestine,0
361,1,150,138,"1,137,138,150",3,1,1,167.0,Oman,Oman,Oman,2,admin0,OMN,137.0,North Africa and Middle East,138.0,North Africa and Middle East,OMN,OMN,0,2018-06-15 00:00:00,,2018-06-08 09:49:57,2018-06-08 09:49:57,ferdid06,INSERT,Oman,0
361,1,151,138,"1,137,138,151",3,1,1,168.0,Qatar,Qatar,Qatar,2,admin0,QAT,137.0,North Africa and Middle East,138.0,North Africa and Middle East,QAT,QAT,0,2018-06-15 00:00:00,,2018-06-08 09:49:57,2018-06-08 09:49:57,ferdid06,INSERT,Qatar,1
361,1,152,138,"1,137,138,152",3,0,1,169.0,Saudi Arabia,Saudi Arabia,Saudi Arabia,2,admin0,SAU,137.0,North Africa and Middle East,138.0,North Africa and Middle East,SAU,SAU,0,2018-06-15 00:00:00,,2018-06-08 09:49:57,2018-06-08 09:49:57,ferdid06,INSERT,Saudi Arabia,0
361,1,522,138,"1,137,138,522",3,1,1,170.0,Sudan,Sudan,Sudan,2,admin0,,137.0,North Africa and Middle East,138.0,North Africa and Middle East,SDN,SDN,0,2018-06-15 00:00:00,,2018-06-08 09:49:57,2018-06-08 09:49:57,ferdid06,INSERT,Sudan,0
361,1,153,138,"1,137,138,153",3,1,1,171.0,Syria,Syria,Syria,2,admin0,SYR,137.0,North Africa and Middle East,138.0,North Africa and Middle East,SYR,SYR,0,2018-06-15 00:00:00,,2018-06-08 09:49:57,2018-06-08 09:49:57,ferdid06,INSERT,Syria,0
361,1,154,138,"1,137,138,154",3,1,1,172.0,Tunisia,Tunisia,Tunisia,2,admin0,TUN,137.0,North Africa and Middle East,138.0,North Africa and Middle East,TUN,TUN,0,2018-06-15 00:00:00,,2018-06-08 09:49:57,2018-06-08 09:49:57,ferdid06,INSERT,Tunisia,0
361,1,155,138,"1,137,138,155",3,1,1,173.0,Turkey,Turkey,Turkey,2,admin0,TUR,137.0,North Africa and Middle East,138.0,North Africa and Middle East,TUR,TUR,0,2018-06-15 00:00:00,,2018-06-08 09:49:57,2018-06-08 09:49:57,ferdid06,INSERT,Turkey,0
361,1,156,138,"1,137,138,156",3,1,1,174.0,United Arab Emirates,United Arab Emirates,UAE,2,admin0,ARE,137.0,North Africa and Middle East,138.0,North Africa and Middle East,ARE,ARE,0,2018-06-15 00:00:00,,2018-06-08 09:49:57,2018-06-08 09:49:57,ferdid06,INSERT,United Arab Emirates,0
361,1,157,138,"1,137,138,157",3,1,1,175.0,Yemen,Yemen,Yemen,2,admin0,YEM,137.0,North Africa and Middle East,138.0,North Africa and Middle East,YEM,YEM,0,2018-06-15 00:00:00,,2018-06-08 09:49:57,2018-06-08 09:49:57,ferdid06,INSERT,Yemen,0
361,1,161,159,"1,158,159,161",3,1,1,178.0,Bangladesh,Bangladesh,Bangladesh,2,admin0,BGD,158.0,South Asia,159.0,South Asia,BGD,BGD,0,2018-06-15 00:00:00,,2018-06-08 09:49:57,2018-06-08 09:49:57,ferdid06,INSERT,Bangladesh,1
361,1,162,159,"1,158,159,162",3,1,1,179.0,Bhutan,Bhutan,Bhutan,2,admin0,BTN,158.0,South Asia,159.0,South Asia,BTN,BTN,0,2018-06-15 00:00:00,,2018-06-08 09:49:57,2018-06-08 09:49:57,ferdid06,INSERT,Bhutan,0
361,1,163,159,"1,158,159,163",3,0,0,180.0,India,India,India,2,admin0,IND,158.0,South Asia,159.0,South Asia,IND,IND,0,2018-06-15 00:00:00,,2018-06-08 09:49:57,2018-06-08 09:49:57,ferdid06,INSERT,India,3
361,1,164,159,"1,158,159,164",3,1,1,181.0,Nepal,Nepal,Nepal,2,admin0,NPL,158.0,South Asia,159.0,South Asia,NPL,NPL,0,2018-06-15 00:00:00,,2018-06-08 09:49:57,2018-06-08 09:49:57,ferdid06,INSERT,Nepal,1
361,1,165,159,"1,158,159,165",3,1,1,182.0,Pakistan,Pakistan,Pakistan,2,admin0,PAK,158.0,South Asia,159.0,South Asia,PAK,PAK,0,2018-06-15 00:00:00,,2018-06-08 09:49:57,2018-06-08 09:49:57,ferdid06,INSERT,Pakistan,0
361,1,193,192,"1,166,192,193",3,1,1,185.0,Botswana,Botswana,Botswana,2,admin0,BWA,166.0,Sub-Saharan Africa,192.0,Southern Sub-Saharan Africa,BWA,BWA,0,2018-06-15 00:00:00,,2018-06-08 09:49:57,2018-06-08 09:49:57,ferdid06,INSERT,Botswana,0
361,1,194,192,"1,166,192,194",3,1,1,186.0,Lesotho,Lesotho,Lesotho,2,admin0,LSO,166.0,Sub-Saharan Africa,192.0,Southern Sub-Saharan Africa,LSO,LSO,0,2018-06-15 00:00:00,,2018-06-08 09:49:57,2018-06-08 09:49:57,ferdid06,INSERT,Lesotho,0
361,1,195,192,"1,166,192,195",3,1,1,187.0,Namibia,Namibia,Namibia,2,admin0,NAM,166.0,Sub-Saharan Africa,192.0,Southern Sub-Saharan Africa,NAM,NAM,0,2018-06-15 00:00:00,,2018-06-08 09:49:57,2018-06-08 09:49:57,ferdid06,INSERT,Namibia,0
361,1,196,192,"1,166,192,196",3,0,1,188.0,South Africa,South Africa,S Africa,2,admin0,ZAF,166.0,Sub-Saharan Africa,192.0,Southern Sub-Saharan Africa,ZAF,ZAF,0,2018-06-15 00:00:00,,2018-06-08 09:49:57,2018-06-08 09:49:57,ferdid06,INSERT,South Africa,1
361,1,197,192,"1,166,192,197",3,1,1,189.0,Swaziland,Swaziland,Swaziland,2,admin0,SWZ,166.0,Sub-Saharan Africa,192.0,Southern Sub-Saharan Africa,SWZ,SWZ,0,2018-06-15 00:00:00,,2018-06-08 09:49:57,2018-06-08 09:49:57,ferdid06,INSERT,Swaziland,0
361,1,198,192,"1,166,192,198",3,1,1,190.0,Zimbabwe,Zimbabwe,Zimbabwe,2,admin0,ZWE,166.0,Sub-Saharan Africa,192.0,Southern Sub-Saharan Africa,ZWE,ZWE,0,2018-06-15 00:00:00,,2018-06-08 09:49:57,2018-06-08 09:49:57,ferdid06,INSERT,Zimbabwe,1
361,1,200,199,"1,166,199,200",3,1,1,192.0,Benin,Benin,Benin,2,admin0,BEN,166.0,Sub-Saharan Africa,199.0,Western Sub-Saharan Africa,BEN,BEN,0,2018-06-15 00:00:00,,2018-06-08 09:49:57,2018-06-08 09:49:57,ferdid06,INSERT,Benin,0
361,1,201,199,"1,166,199,201",3,1,1,193.0,Burkina Faso,Burkina Faso,Burkina Faso,2,admin0,BFA,166.0,Sub-Saharan Africa,199.0,Western Sub-Saharan Africa,BFA,BFA,0,2018-06-15 00:00:00,,2018-06-08 09:49:57,2018-06-08 09:49:57,ferdid06,INSERT,Burkina Faso,0
361,1,202,199,"1,166,199,202",3,1,1,194.0,Cameroon,Cameroon,Cameroon,2,admin0,CMR,166.0,Sub-Saharan Africa,199.0,Western Sub-Saharan Africa,CMR,CMR,0,2018-06-15 00:00:00,,2018-06-08 09:49:57,2018-06-08 09:49:57,ferdid06,INSERT,Cameroon,0
361,1,203,199,"1,166,199,203",3,1,1,195.0,Cape Verde,Cape Verde,Cape Verde,2,admin0,CPV,166.0,Sub-Saharan Africa,199.0,Western Sub-Saharan Africa,CPV,CPV,0,2018-06-15 00:00:00,,2018-06-08 09:49:57,2018-06-08 09:49:57,ferdid06,INSERT,Cape Verde,0
361,1,204,199,"1,166,199,204",3,1,1,196.0,Chad,Chad,Chad,2,admin0,TCD,166.0,Sub-Saharan Africa,199.0,Western Sub-Saharan Africa,TCD,TCD,0,2018-06-15 00:00:00,,2018-06-08 09:49:57,2018-06-08 09:49:57,ferdid06,INSERT,Chad,0
361,1,205,199,"1,166,199,205",3,1,1,197.0,Cote d'Ivoire,Cote d'Ivoire,Cote d'Ivoire,2,admin0,CIV,166.0,Sub-Saharan Africa,199.0,Western Sub-Saharan Africa,CIV,CIV,0,2018-06-15 00:00:00,,2018-06-08 09:49:57,2018-06-08 09:49:57,ferdid06,INSERT,Cote d'Ivoire,0
361,1,206,199,"1,166,199,206",3,1,1,198.0,The Gambia,The Gambia,Gambia,2,admin0,GMB,166.0,Sub-Saharan Africa,199.0,Western Sub-Saharan Africa,GMB,GMB,0,2018-06-15 00:00:00,,2018-06-08 09:49:57,2018-06-08 09:49:57,ferdid06,INSERT,The Gambia,0
361,1,207,199,"1,166,199,207",3,1,1,199.0,Ghana,Ghana,Ghana,2,admin0,GHA,166.0,Sub-Saharan Africa,199.0,Western Sub-Saharan Africa,GHA,GHA,0,2018-06-15 00:00:00,,2018-06-08 09:49:57,2018-06-08 09:49:57,ferdid06,INSERT,Ghana,0
361,1,208,199,"1,166,199,208",3,1,1,200.0,Guinea,Guinea,Guinea,2,admin0,GIN,166.0,Sub-Saharan Africa,199.0,Western Sub-Saharan Africa,GIN,GIN,0,2018-06-15 00:00:00,,2018-06-08 09:49:57,2018-06-08 09:49:57,ferdid06,INSERT,Guinea,0
361,1,209,199,"1,166,199,209",3,1,1,201.0,Guinea-Bissau,Guinea-Bissau,Guinea-Bissau,2,admin0,GNB,166.0,Sub-Saharan Africa,199.0,Western Sub-Saharan Africa,GNB,GNB,0,2018-06-15 00:00:00,,2018-06-08 09:49:57,2018-06-08 09:49:57,ferdid06,INSERT,Guinea-Bissau,0
361,1,210,199,"1,166,199,210",3,1,1,202.0,Liberia,Liberia,Liberia,2,admin0,LBR,166.0,Sub-Saharan Africa,199.0,Western Sub-Saharan Africa,LBR,LBR,0,2018-06-15 00:00:00,,2018-06-08 09:49:57,2018-06-08 09:49:57,ferdid06,INSERT,Liberia,0
361,1,211,199,"1,166,199,211",3,1,1,203.0,Mali,Mali,Mali,2,admin0,MLI,166.0,Sub-Saharan Africa,199.0,Western Sub-Saharan Africa,MLI,MLI,0,2018-06-15 00:00:00,,2018-06-08 09:49:57,2018-06-08 09:49:57,ferdid06,INSERT,Mali,0
361,1,212,199,"1,166,199,212",3,1,1,204.0,Mauritania,Mauritania,Mauritania,2,admin0,MRT,166.0,Sub-Saharan Africa,199.0,Western Sub-Saharan Africa,MRT,MRT,0,2018-06-15 00:00:00,,2018-06-08 09:49:57,2018-06-08 09:49:57,ferdid06,INSERT,Mauritania,0
361,1,213,199,"1,166,199,213",3,1,1,205.0,Niger,Niger,Niger,2,admin0,NER,166.0,Sub-Saharan Africa,199.0,Western Sub-Saharan Africa,NER,NER,0,2018-06-15 00:00:00,,2018-06-08 09:49:57,2018-06-08 09:49:57,ferdid06,INSERT,Niger,0
361,1,214,199,"1,166,199,214",3,1,1,206.0,Nigeria,Nigeria,Nigeria,2,admin0,NGA,166.0,Sub-Saharan Africa,199.0,Western Sub-Saharan Africa,NGA,NGA,0,2018-06-15 00:00:00,,2018-06-08 09:49:57,2018-06-08 09:49:57,ferdid06,INSERT,Nigeria,0
361,1,215,199,"1,166,199,215",3,1,1,207.0,Sao Tome and Principe,Sao Tome and Principe,Sao Tome Principe,2,admin0,STP,166.0,Sub-Saharan Africa,199.0,Western Sub-Saharan Africa,STP,STP,0,2018-06-15 00:00:00,,2018-06-08 09:49:57,2018-06-08 09:49:57,ferdid06,INSERT,Sao Tome and Principe,0
361,1,216,199,"1,166,199,216",3,1,1,208.0,Senegal,Senegal,Senegal,2,admin0,SEN,166.0,Sub-Saharan Africa,199.0,Western Sub-Saharan Africa,SEN,SEN,0,2018-06-15 00:00:00,,2018-06-08 09:49:57,2018-06-08 09:49:57,ferdid06,INSERT,Senegal,0
361,1,217,199,"1,166,199,217",3,1,1,209.0,Sierra Leone,Sierra Leone,Sierra Leone,2,admin0,SLE,166.0,Sub-Saharan Africa,199.0,Western Sub-Saharan Africa,SLE,SLE,0,2018-06-15 00:00:00,,2018-06-08 09:49:57,2018-06-08 09:49:57,ferdid06,INSERT,Sierra Leone,0
361,1,218,199,"1,166,199,218",3,1,1,210.0,Togo,Togo,Togo,2,admin0,TGO,166.0,Sub-Saharan Africa,199.0,Western Sub-Saharan Africa,TGO,TGO,0,2018-06-15 00:00:00,,2018-06-08 09:49:57,2018-06-08 09:49:57,ferdid06,INSERT,Togo,0
361,1,175,174,"1,166,174,175",3,1,1,212.0,Burundi,Burundi,Burundi,2,admin0,BDI,166.0,Sub-Saharan Africa,174.0,Eastern Sub-Saharan Africa,BDI,BDI,0,2018-06-15 00:00:00,,2018-06-08 09:49:57,2018-06-08 09:49:57,ferdid06,INSERT,Burundi,0
361,1,176,174,"1,166,174,176",3,1,1,213.0,Comoros,Comoros,Comoros,2,admin0,COM,166.0,Sub-Saharan Africa,174.0,Eastern Sub-Saharan Africa,COM,COM,0,2018-06-15 00:00:00,,2018-06-08 09:49:57,2018-06-08 09:49:57,ferdid06,INSERT,Comoros,0
361,1,177,174,"1,166,174,177",3,1,1,214.0,Djibouti,Djibouti,Djibouti,2,admin0,DJI,166.0,Sub-Saharan Africa,174.0,Eastern Sub-Saharan Africa,DJI,DJI,0,2018-06-15 00:00:00,,2018-06-08 09:49:57,2018-06-08 09:49:57,ferdid06,INSERT,Djibouti,0
361,1,178,174,"1,166,174,178",3,1,1,215.0,Eritrea,Eritrea,Eritrea,2,admin0,ERI,166.0,Sub-Saharan Africa,174.0,Eastern Sub-Saharan Africa,ERI,ERI,0,2018-06-15 00:00:00,,2018-06-08 09:49:57,2018-06-08 09:49:57,ferdid06,INSERT,Eritrea,0
361,1,179,174,"1,166,174,179",3,1,1,216.0,Ethiopia,Ethiopia,Ethiopia,2,admin0,ETH,166.0,Sub-Saharan Africa,174.0,Eastern Sub-Saharan Africa,ETH,ETH,0,2018-06-15 00:00:00,,2018-06-08 09:49:57,2018-06-08 09:49:57,ferdid06,INSERT,Ethiopia,4
361,1,180,174,"1,166,174,180",3,0,1,217.0,Kenya,Kenya,Kenya,2,admin0,KEN,166.0,Sub-Saharan Africa,174.0,Eastern Sub-Saharan Africa,KEN,KEN,0,2018-06-15 00:00:00,,2018-06-08 09:49:57,2018-06-08 09:49:57,ferdid06,INSERT,Kenya,0
361,1,181,174,"1,166,174,181",3,1,1,218.0,Madagascar,Madagascar,Madagascar,2,admin0,MDG,166.0,Sub-Saharan Africa,174.0,Eastern Sub-Saharan Africa,MDG,MDG,0,2018-06-15 00:00:00,,2018-06-08 09:49:57,2018-06-08 09:49:57,ferdid06,INSERT,Madagascar,0
361,1,182,174,"1,166,174,182",3,1,1,219.0,Malawi,Malawi,Malawi,2,admin0,MWI,166.0,Sub-Saharan Africa,174.0,Eastern Sub-Saharan Africa,MWI,MWI,0,2018-06-15 00:00:00,,2018-06-08 09:49:57,2018-06-08 09:49:57,ferdid06,INSERT,Malawi,0
361,1,184,174,"1,166,174,184",3,1,1,220.0,Mozambique,Mozambique,Mozambique,2,admin0,MOZ,166.0,Sub-Saharan Africa,174.0,Eastern Sub-Saharan Africa,MOZ,MOZ,0,2018-06-15 00:00:00,,2018-06-08 09:49:57,2018-06-08 09:49:57,ferdid06,INSERT,Mozambique,0
361,1,185,174,"1,166,174,185",3,1,1,221.0,Rwanda,Rwanda,Rwanda,2,admin0,RWA,166.0,Sub-Saharan Africa,174.0,Eastern Sub-Saharan Africa,RWA,RWA,0,2018-06-15 00:00:00,,2018-06-08 09:49:57,2018-06-08 09:49:57,ferdid06,INSERT,Rwanda,0
361,1,187,174,"1,166,174,187",3,1,1,222.0,Somalia,Somalia,Somalia,2,admin0,SOM,166.0,Sub-Saharan Africa,174.0,Eastern Sub-Saharan Africa,SOM,SOM,0,2018-06-15 00:00:00,,2018-06-08 09:49:57,2018-06-08 09:49:57,ferdid06,INSERT,Somalia,0
361,1,435,174,"1,166,174,435",3,1,1,223.0,South Sudan,South Sudan,S Sudan,2,admin0,,166.0,Sub-Saharan Africa,174.0,Eastern Sub-Saharan Africa,SSD,SSD,0,2018-06-15 00:00:00,,2018-06-08 09:49:57,2018-06-08 09:49:57,ferdid06,INSERT,South Sudan,0
361,1,189,174,"1,166,174,189",3,1,1,224.0,Tanzania,Tanzania,Tanzania,2,admin0,TZA,166.0,Sub-Saharan Africa,174.0,Eastern Sub-Saharan Africa,TZA,TZA,0,2018-06-15 00:00:00,,2018-06-08 09:49:57,2018-06-08 09:49:57,ferdid06,INSERT,Tanzania,0
361,1,190,174,"1,166,174,190",3,1,1,225.0,Uganda,Uganda,Uganda,2,admin0,UGA,166.0,Sub-Saharan Africa,174.0,Eastern Sub-Saharan Africa,UGA,UGA,0,2018-06-15 00:00:00,,2018-06-08 09:49:57,2018-06-08 09:49:57,ferdid06,INSERT,Uganda,1
361,1,191,174,"1,166,174,191",3,1,1,226.0,Zambia,Zambia,Zambia,2,admin0,ZMB,166.0,Sub-Saharan Africa,174.0,Eastern Sub-Saharan Africa,ZMB,ZMB,0,2018-06-15 00:00:00,,2018-06-08 09:49:57,2018-06-08 09:49:57,ferdid06,INSERT,Zambia,0
361,1,168,167,"1,166,167,168",3,1,1,228.0,Angola,Angola,Angola,2,admin0,AGO,166.0,Sub-Saharan Africa,167.0,Central Sub-Saharan Africa,AGO,AGO,0,2018-06-15 00:00:00,,2018-06-08 09:49:57,2018-06-08 09:49:57,ferdid06,INSERT,Angola,0
361,1,169,167,"1,166,167,169",3,1,1,229.0,Central African Republic,Central African Republic,C African Rep,2,admin0,CAF,166.0,Sub-Saharan Africa,167.0,Central Sub-Saharan Africa,CAF,CAF,0,2018-06-15 00:00:00,,2018-06-08 09:49:57,2018-06-08 09:49:57,ferdid06,INSERT,Central African Republic,0
361,1,170,167,"1,166,167,170",3,1,1,230.0,Congo,Congo,Congo,2,admin0,COG,166.0,Sub-Saharan Africa,167.0,Central Sub-Saharan Africa,COG,COG,0,2018-06-15 00:00:00,,2018-06-08 09:49:57,2018-06-08 09:49:57,ferdid06,INSERT,Congo,0
361,1,171,167,"1,166,167,171",3,1,1,231.0,Democratic Republic of the Congo,Democratic Republic of the Congo,Congo DR,2,admin0,COD,166.0,Sub-Saharan Africa,167.0,Central Sub-Saharan Africa,COD,COD,0,2018-06-15 00:00:00,,2018-06-08 09:49:57,2018-06-08 09:49:57,ferdid06,INSERT,DR Congo,0
361,1,172,167,"1,166,167,172",3,1,1,232.0,Equatorial Guinea,Equatorial Guinea,Eq Guinea,2,admin0,GNQ,166.0,Sub-Saharan Africa,167.0,Central Sub-Saharan Africa,GNQ,GNQ,0,2018-06-15 00:00:00,,2018-06-08 09:49:57,2018-06-08 09:49:57,ferdid06,INSERT,Equatorial Guinea,0
361,1,173,167,"1,166,167,173",3,1,1,233.0,Gabon,Gabon,Gabon,2,admin0,GAB,166.0,Sub-Saharan Africa,167.0,Central Sub-Saharan Africa,GAB,GAB,0,2018-06-15 00:00:00,,2018-06-08 09:49:57,2018-06-08 09:49:57,ferdid06,INSERT,Gabon,0
